64,103,106,128,132,207,382,385,386,468,642,643,787,1017,1075,1135,1167,1316,1508,1583,1658,1823,1849,1877,1966,2006,2085,2164,2339,2341,2379,2380,2410,2412,2467,2482,2523,2527,2562,2581,2610,2705,2731,2860,2913,2914,3163,3254,3287,3359,3368,3472,3506,3542,3561,3674,3767,3780,3800,3820,3852,3883,3955,4075,4082,4127,4157,4221,4282,4288,4362,4394,4396,4428,4439,4484,4493,4522,4540,4562,4583,4601,4636,4644,4676,93,102,312,336,571,653,882,1168,1211,1240,1245,1293,1352,1394,1506,1601,1636,1692,1720,1769,1798,1862,1878,1958,1960,2008,2011,2055,2084,2257,2343,2347,2363,2366,2407,2429,2430,2509,3451,3791,4377,4530,4735,6046,6167,8063,10074
0.0,0.0,0.0,0.0,0.0,0.0,0.0,0.0,0.0,0.0,0.0,0.0,0.0,0.0,0.0,0.0,0.0,0.0,0.0,0.0,0.0,0.0,0.0,0.0,0.0,0.0,0.0,0.0,0.0,0.0,0.0,0.0,0.0,0.0,0.0,0.0,0.0,0.0,0.0,0.0,0.0,0.0,0.0,0.0,0.0,0.0,0.0,0.0,0.0,0.0,0.0,0.0,0.0,0.0,0.0,0.0,0.0,0.0,0.0,0.0,0.0,0.0,0.0,0.0,0.0,0.0,0.0,0.0,0.0,0.0,0.0,0.0,0.0,0.0,0.0,0.0,0.0,0.0,0.0,0.0,0.0,0.0,0.0,0.0,0.0,0.0,0.0,0.0,0.0,0.0,0.0,0.0,0.0,0.0,0.0,0.0,0.0,0.0,0.0,0.0,0.0,0.0,0.0,0.0,0.0,0.0,0.0,0.0,0.0,0.0,0.0,0.0,0.0,0.0,0.0,0.0,0.0,0.0,0.0,0.0,0.0,0.0,0.0,0.0,0.0,0.0,0.0,0.0,0.0,0.0,0.0,0.0
381.3,0.0,0.0,0.0,0.0,0.0,0.0,0.0,0.0,0.0,0.0,0.0,0.0,0.0,0.0,0.0,0.0,0.0,0.0,0.0,0.0,0.0,0.0,0.0,0.0,0.0,0.0,0.0,0.0,0.0,0.0,0.0,0.0,0.0,0.0,0.0,0.0,0.0,0.0,0.0,0.0,0.0,0.0,0.0,0.0,0.0,0.0,0.0,0.0,0.0,0.0,0.0,0.0,0.0,0.0,0.0,0.0,0.0,0.0,0.0,0.0,0.0,0.0,0.0,0.0,0.0,0.0,0.0,0.0,0.0,0.0,0.0,0.0,0.0,0.0,0.0,0.0,0.0,0.0,0.0,0.0,0.0,0.0,0.0,0.0,0.0,0.0,0.0,0.0,0.0,0.0,0.0,0.0,0.0,0.0,0.0,0.0,0.0,0.0,0.0,0.0,0.0,0.0,0.0,0.0,0.0,0.0,0.0,0.0,0.0,0.0,0.0,0.0,0.0,0.0,0.0,0.0,0.0,0.0,0.0,0.0,0.0,0.0,0.0,0.0,0.0,0.0,0.0,0.0,0.0,0.0,0.0
489.3,173.2,0.0,0.0,0.0,0.0,0.0,0.0,0.0,0.0,0.0,0.0,0.0,0.0,0.0,0.0,0.0,0.0,0.0,0.0,0.0,0.0,0.0,0.0,0.0,0.0,0.0,0.0,0.0,0.0,0.0,0.0,0.0,0.0,0.0,0.0,0.0,0.0,0.0,0.0,0.0,0.0,0.0,0.0,0.0,0.0,0.0,0.0,0.0,0.0,0.0,0.0,0.0,0.0,0.0,0.0,0.0,0.0,0.0,0.0,0.0,0.0,0.0,0.0,0.0,0.0,0.0,0.0,0.0,0.0,0.0,0.0,0.0,0.0,0.0,0.0,0.0,0.0,0.0,0.0,0.0,0.0,0.0,0.0,0.0,0.0,0.0,0.0,0.0,0.0,0.0,0.0,0.0,0.0,0.0,0.0,0.0,0.0,0.0,0.0,0.0,0.0,0.0,0.0,0.0,0.0,0.0,0.0,0.0,0.0,0.0,0.0,0.0,0.0,0.0,0.0,0.0,0.0,0.0,0.0,0.0,0.0,0.0,0.0,0.0,0.0,0.0,0.0,0.0,0.0,0.0,0.0
725.9,547.8,518.9,0.0,0.0,0.0,0.0,0.0,0.0,0.0,0.0,0.0,0.0,0.0,0.0,0.0,0.0,0.0,0.0,0.0,0.0,0.0,0.0,0.0,0.0,0.0,0.0,0.0,0.0,0.0,0.0,0.0,0.0,0.0,0.0,0.0,0.0,0.0,0.0,0.0,0.0,0.0,0.0,0.0,0.0,0.0,0.0,0.0,0.0,0.0,0.0,0.0,0.0,0.0,0.0,0.0,0.0,0.0,0.0,0.0,0.0,0.0,0.0,0.0,0.0,0.0,0.0,0.0,0.0,0.0,0.0,0.0,0.0,0.0,0.0,0.0,0.0,0.0,0.0,0.0,0.0,0.0,0.0,0.0,0.0,0.0,0.0,0.0,0.0,0.0,0.0,0.0,0.0,0.0,0.0,0.0,0.0,0.0,0.0,0.0,0.0,0.0,0.0,0.0,0.0,0.0,0.0,0.0,0.0,0.0,0.0,0.0,0.0,0.0,0.0,0.0,0.0,0.0,0.0,0.0,0.0,0.0,0.0,0.0,0.0,0.0,0.0,0.0,0.0,0.0,0.0,0.0
329.9,393.2,509.6,772.3,0.0,0.0,0.0,0.0,0.0,0.0,0.0,0.0,0.0,0.0,0.0,0.0,0.0,0.0,0.0,0.0,0.0,0.0,0.0,0.0,0.0,0.0,0.0,0.0,0.0,0.0,0.0,0.0,0.0,0.0,0.0,0.0,0.0,0.0,0.0,0.0,0.0,0.0,0.0,0.0,0.0,0.0,0.0,0.0,0.0,0.0,0.0,0.0,0.0,0.0,0.0,0.0,0.0,0.0,0.0,0.0,0.0,0.0,0.0,0.0,0.0,0.0,0.0,0.0,0.0,0.0,0.0,0.0,0.0,0.0,0.0,0.0,0.0,0.0,0.0,0.0,0.0,0.0,0.0,0.0,0.0,0.0,0.0,0.0,0.0,0.0,0.0,0.0,0.0,0.0,0.0,0.0,0.0,0.0,0.0,0.0,0.0,0.0,0.0,0.0,0.0,0.0,0.0,0.0,0.0,0.0,0.0,0.0,0.0,0.0,0.0,0.0,0.0,0.0,0.0,0.0,0.0,0.0,0.0,0.0,0.0,0.0,0.0,0.0,0.0,0.0,0.0,0.0
1092.8,914.7,904.3,461.8,1078.2,0.0,0.0,0.0,0.0,0.0,0.0,0.0,0.0,0.0,0.0,0.0,0.0,0.0,0.0,0.0,0.0,0.0,0.0,0.0,0.0,0.0,0.0,0.0,0.0,0.0,0.0,0.0,0.0,0.0,0.0,0.0,0.0,0.0,0.0,0.0,0.0,0.0,0.0,0.0,0.0,0.0,0.0,0.0,0.0,0.0,0.0,0.0,0.0,0.0,0.0,0.0,0.0,0.0,0.0,0.0,0.0,0.0,0.0,0.0,0.0,0.0,0.0,0.0,0.0,0.0,0.0,0.0,0.0,0.0,0.0,0.0,0.0,0.0,0.0,0.0,0.0,0.0,0.0,0.0,0.0,0.0,0.0,0.0,0.0,0.0,0.0,0.0,0.0,0.0,0.0,0.0,0.0,0.0,0.0,0.0,0.0,0.0,0.0,0.0,0.0,0.0,0.0,0.0,0.0,0.0,0.0,0.0,0.0,0.0,0.0,0.0,0.0,0.0,0.0,0.0,0.0,0.0,0.0,0.0,0.0,0.0,0.0,0.0,0.0,0.0,0.0,0.0
310.6,315.7,382.3,766.0,401.3,1065.9,0.0,0.0,0.0,0.0,0.0,0.0,0.0,0.0,0.0,0.0,0.0,0.0,0.0,0.0,0.0,0.0,0.0,0.0,0.0,0.0,0.0,0.0,0.0,0.0,0.0,0.0,0.0,0.0,0.0,0.0,0.0,0.0,0.0,0.0,0.0,0.0,0.0,0.0,0.0,0.0,0.0,0.0,0.0,0.0,0.0,0.0,0.0,0.0,0.0,0.0,0.0,0.0,0.0,0.0,0.0,0.0,0.0,0.0,0.0,0.0,0.0,0.0,0.0,0.0,0.0,0.0,0.0,0.0,0.0,0.0,0.0,0.0,0.0,0.0,0.0,0.0,0.0,0.0,0.0,0.0,0.0,0.0,0.0,0.0,0.0,0.0,0.0,0.0,0.0,0.0,0.0,0.0,0.0,0.0,0.0,0.0,0.0,0.0,0.0,0.0,0.0,0.0,0.0,0.0,0.0,0.0,0.0,0.0,0.0,0.0,0.0,0.0,0.0,0.0,0.0,0.0,0.0,0.0,0.0,0.0,0.0,0.0,0.0,0.0,0.0,0.0
269.8,302.5,363.7,741.4,388.1,1052.7,120.2,0.0,0.0,0.0,0.0,0.0,0.0,0.0,0.0,0.0,0.0,0.0,0.0,0.0,0.0,0.0,0.0,0.0,0.0,0.0,0.0,0.0,0.0,0.0,0.0,0.0,0.0,0.0,0.0,0.0,0.0,0.0,0.0,0.0,0.0,0.0,0.0,0.0,0.0,0.0,0.0,0.0,0.0,0.0,0.0,0.0,0.0,0.0,0.0,0.0,0.0,0.0,0.0,0.0,0.0,0.0,0.0,0.0,0.0,0.0,0.0,0.0,0.0,0.0,0.0,0.0,0.0,0.0,0.0,0.0,0.0,0.0,0.0,0.0,0.0,0.0,0.0,0.0,0.0,0.0,0.0,0.0,0.0,0.0,0.0,0.0,0.0,0.0,0.0,0.0,0.0,0.0,0.0,0.0,0.0,0.0,0.0,0.0,0.0,0.0,0.0,0.0,0.0,0.0,0.0,0.0,0.0,0.0,0.0,0.0,0.0,0.0,0.0,0.0,0.0,0.0,0.0,0.0,0.0,0.0,0.0,0.0,0.0,0.0,0.0,0.0
269.6,259.1,336.5,709.4,344.7,1009.3,144.7,111.0,0.0,0.0,0.0,0.0,0.0,0.0,0.0,0.0,0.0,0.0,0.0,0.0,0.0,0.0,0.0,0.0,0.0,0.0,0.0,0.0,0.0,0.0,0.0,0.0,0.0,0.0,0.0,0.0,0.0,0.0,0.0,0.0,0.0,0.0,0.0,0.0,0.0,0.0,0.0,0.0,0.0,0.0,0.0,0.0,0.0,0.0,0.0,0.0,0.0,0.0,0.0,0.0,0.0,0.0,0.0,0.0,0.0,0.0,0.0,0.0,0.0,0.0,0.0,0.0,0.0,0.0,0.0,0.0,0.0,0.0,0.0,0.0,0.0,0.0,0.0,0.0,0.0,0.0,0.0,0.0,0.0,0.0,0.0,0.0,0.0,0.0,0.0,0.0,0.0,0.0,0.0,0.0,0.0,0.0,0.0,0.0,0.0,0.0,0.0,0.0,0.0,0.0,0.0,0.0,0.0,0.0,0.0,0.0,0.0,0.0,0.0,0.0,0.0,0.0,0.0,0.0,0.0,0.0,0.0,0.0,0.0,0.0,0.0,0.0
1069.2,966.1,1099.2,659.7,927.0,642.8,1134.7,1087.0,1075.5,0.0,0.0,0.0,0.0,0.0,0.0,0.0,0.0,0.0,0.0,0.0,0.0,0.0,0.0,0.0,0.0,0.0,0.0,0.0,0.0,0.0,0.0,0.0,0.0,0.0,0.0,0.0,0.0,0.0,0.0,0.0,0.0,0.0,0.0,0.0,0.0,0.0,0.0,0.0,0.0,0.0,0.0,0.0,0.0,0.0,0.0,0.0,0.0,0.0,0.0,0.0,0.0,0.0,0.0,0.0,0.0,0.0,0.0,0.0,0.0,0.0,0.0,0.0,0.0,0.0,0.0,0.0,0.0,0.0,0.0,0.0,0.0,0.0,0.0,0.0,0.0,0.0,0.0,0.0,0.0,0.0,0.0,0.0,0.0,0.0,0.0,0.0,0.0,0.0,0.0,0.0,0.0,0.0,0.0,0.0,0.0,0.0,0.0,0.0,0.0,0.0,0.0,0.0,0.0,0.0,0.0,0.0,0.0,0.0,0.0,0.0,0.0,0.0,0.0,0.0,0.0,0.0,0.0,0.0,0.0,0.0,0.0,0.0
936.8,833.7,966.8,734.1,772.9,1035.0,1002.3,954.6,943.1,694.9,0.0,0.0,0.0,0.0,0.0,0.0,0.0,0.0,0.0,0.0,0.0,0.0,0.0,0.0,0.0,0.0,0.0,0.0,0.0,0.0,0.0,0.0,0.0,0.0,0.0,0.0,0.0,0.0,0.0,0.0,0.0,0.0,0.0,0.0,0.0,0.0,0.0,0.0,0.0,0.0,0.0,0.0,0.0,0.0,0.0,0.0,0.0,0.0,0.0,0.0,0.0,0.0,0.0,0.0,0.0,0.0,0.0,0.0,0.0,0.0,0.0,0.0,0.0,0.0,0.0,0.0,0.0,0.0,0.0,0.0,0.0,0.0,0.0,0.0,0.0,0.0,0.0,0.0,0.0,0.0,0.0,0.0,0.0,0.0,0.0,0.0,0.0,0.0,0.0,0.0,0.0,0.0,0.0,0.0,0.0,0.0,0.0,0.0,0.0,0.0,0.0,0.0,0.0,0.0,0.0,0.0,0.0,0.0,0.0,0.0,0.0,0.0,0.0,0.0,0.0,0.0,0.0,0.0,0.0,0.0,0.0,0.0
251.9,184.3,317.4,574.3,257.8,874.2,317.4,269.7,258.2,876.4,771.6,0.0,0.0,0.0,0.0,0.0,0.0,0.0,0.0,0.0,0.0,0.0,0.0,0.0,0.0,0.0,0.0,0.0,0.0,0.0,0.0,0.0,0.0,0.0,0.0,0.0,0.0,0.0,0.0,0.0,0.0,0.0,0.0,0.0,0.0,0.0,0.0,0.0,0.0,0.0,0.0,0.0,0.0,0.0,0.0,0.0,0.0,0.0,0.0,0.0,0.0,0.0,0.0,0.0,0.0,0.0,0.0,0.0,0.0,0.0,0.0,0.0,0.0,0.0,0.0,0.0,0.0,0.0,0.0,0.0,0.0,0.0,0.0,0.0,0.0,0.0,0.0,0.0,0.0,0.0,0.0,0.0,0.0,0.0,0.0,0.0,0.0,0.0,0.0,0.0,0.0,0.0,0.0,0.0,0.0,0.0,0.0,0.0,0.0,0.0,0.0,0.0,0.0,0.0,0.0,0.0,0.0,0.0,0.0,0.0,0.0,0.0,0.0,0.0,0.0,0.0,0.0,0.0,0.0,0.0,0.0,0.0
1138.1,960.0,925.8,507.1,1123.5,166.3,1131.6,1083.9,1072.4,626.9,1005.9,934.6,0.0,0.0,0.0,0.0,0.0,0.0,0.0,0.0,0.0,0.0,0.0,0.0,0.0,0.0,0.0,0.0,0.0,0.0,0.0,0.0,0.0,0.0,0.0,0.0,0.0,0.0,0.0,0.0,0.0,0.0,0.0,0.0,0.0,0.0,0.0,0.0,0.0,0.0,0.0,0.0,0.0,0.0,0.0,0.0,0.0,0.0,0.0,0.0,0.0,0.0,0.0,0.0,0.0,0.0,0.0,0.0,0.0,0.0,0.0,0.0,0.0,0.0,0.0,0.0,0.0,0.0,0.0,0.0,0.0,0.0,0.0,0.0,0.0,0.0,0.0,0.0,0.0,0.0,0.0,0.0,0.0,0.0,0.0,0.0,0.0,0.0,0.0,0.0,0.0,0.0,0.0,0.0,0.0,0.0,0.0,0.0,0.0,0.0,0.0,0.0,0.0,0.0,0.0,0.0,0.0,0.0,0.0,0.0,0.0,0.0,0.0,0.0,0.0,0.0,0.0,0.0,0.0,0.0,0.0,0.0
119.6,426.3,548.1,847.0,363.4,1146.9,365.0,294.8,329.6,1131.1,985.6,311.1,1214.1,0.0,0.0,0.0,0.0,0.0,0.0,0.0,0.0,0.0,0.0,0.0,0.0,0.0,0.0,0.0,0.0,0.0,0.0,0.0,0.0,0.0,0.0,0.0,0.0,0.0,0.0,0.0,0.0,0.0,0.0,0.0,0.0,0.0,0.0,0.0,0.0,0.0,0.0,0.0,0.0,0.0,0.0,0.0,0.0,0.0,0.0,0.0,0.0,0.0,0.0,0.0,0.0,0.0,0.0,0.0,0.0,0.0,0.0,0.0,0.0,0.0,0.0,0.0,0.0,0.0,0.0,0.0,0.0,0.0,0.0,0.0,0.0,0.0,0.0,0.0,0.0,0.0,0.0,0.0,0.0,0.0,0.0,0.0,0.0,0.0,0.0,0.0,0.0,0.0,0.0,0.0,0.0,0.0,0.0,0.0,0.0,0.0,0.0,0.0,0.0,0.0,0.0,0.0,0.0,0.0,0.0,0.0,0.0,0.0,0.0,0.0,0.0,0.0,0.0,0.0,0.0,0.0,0.0,0.0
175.2,481.9,603.7,910.2,317.8,1210.1,420.6,350.4,385.2,1062.4,916.9,366.7,1277.3,128.6,0.0,0.0,0.0,0.0,0.0,0.0,0.0,0.0,0.0,0.0,0.0,0.0,0.0,0.0,0.0,0.0,0.0,0.0,0.0,0.0,0.0,0.0,0.0,0.0,0.0,0.0,0.0,0.0,0.0,0.0,0.0,0.0,0.0,0.0,0.0,0.0,0.0,0.0,0.0,0.0,0.0,0.0,0.0,0.0,0.0,0.0,0.0,0.0,0.0,0.0,0.0,0.0,0.0,0.0,0.0,0.0,0.0,0.0,0.0,0.0,0.0,0.0,0.0,0.0,0.0,0.0,0.0,0.0,0.0,0.0,0.0,0.0,0.0,0.0,0.0,0.0,0.0,0.0,0.0,0.0,0.0,0.0,0.0,0.0,0.0,0.0,0.0,0.0,0.0,0.0,0.0,0.0,0.0,0.0,0.0,0.0,0.0,0.0,0.0,0.0,0.0,0.0,0.0,0.0,0.0,0.0,0.0,0.0,0.0,0.0,0.0,0.0,0.0,0.0,0.0,0.0,0.0,0.0
895.5,792.4,925.5,593.4,731.6,894.3,961.0,913.3,901.8,554.2,230.0,692.0,855.9,937.0,925.3,0.0,0.0,0.0,0.0,0.0,0.0,0.0,0.0,0.0,0.0,0.0,0.0,0.0,0.0,0.0,0.0,0.0,0.0,0.0,0.0,0.0,0.0,0.0,0.0,0.0,0.0,0.0,0.0,0.0,0.0,0.0,0.0,0.0,0.0,0.0,0.0,0.0,0.0,0.0,0.0,0.0,0.0,0.0,0.0,0.0,0.0,0.0,0.0,0.0,0.0,0.0,0.0,0.0,0.0,0.0,0.0,0.0,0.0,0.0,0.0,0.0,0.0,0.0,0.0,0.0,0.0,0.0,0.0,0.0,0.0,0.0,0.0,0.0,0.0,0.0,0.0,0.0,0.0,0.0,0.0,0.0,0.0,0.0,0.0,0.0,0.0,0.0,0.0,0.0,0.0,0.0,0.0,0.0,0.0,0.0,0.0,0.0,0.0,0.0,0.0,0.0,0.0,0.0,0.0,0.0,0.0,0.0,0.0,0.0,0.0,0.0,0.0,0.0,0.0,0.0,0.0,0.0
574.3,421.4,500.1,293.2,559.7,593.1,593.0,545.3,533.8,691.6,715.7,370.8,660.3,653.6,698.7,626.7,0.0,0.0,0.0,0.0,0.0,0.0,0.0,0.0,0.0,0.0,0.0,0.0,0.0,0.0,0.0,0.0,0.0,0.0,0.0,0.0,0.0,0.0,0.0,0.0,0.0,0.0,0.0,0.0,0.0,0.0,0.0,0.0,0.0,0.0,0.0,0.0,0.0,0.0,0.0,0.0,0.0,0.0,0.0,0.0,0.0,0.0,0.0,0.0,0.0,0.0,0.0,0.0,0.0,0.0,0.0,0.0,0.0,0.0,0.0,0.0,0.0,0.0,0.0,0.0,0.0,0.0,0.0,0.0,0.0,0.0,0.0,0.0,0.0,0.0,0.0,0.0,0.0,0.0,0.0,0.0,0.0,0.0,0.0,0.0,0.0,0.0,0.0,0.0,0.0,0.0,0.0,0.0,0.0,0.0,0.0,0.0,0.0,0.0,0.0,0.0,0.0,0.0,0.0,0.0,0.0,0.0,0.0,0.0,0.0,0.0,0.0,0.0,0.0,0.0,0.0,0.0
227.5,460.6,582.4,872.7,255.6,1172.6,423.1,375.4,363.9,1038.5,893.0,336.8,1239.8,167.4,229.6,846.5,675.6,0.0,0.0,0.0,0.0,0.0,0.0,0.0,0.0,0.0,0.0,0.0,0.0,0.0,0.0,0.0,0.0,0.0,0.0,0.0,0.0,0.0,0.0,0.0,0.0,0.0,0.0,0.0,0.0,0.0,0.0,0.0,0.0,0.0,0.0,0.0,0.0,0.0,0.0,0.0,0.0,0.0,0.0,0.0,0.0,0.0,0.0,0.0,0.0,0.0,0.0,0.0,0.0,0.0,0.0,0.0,0.0,0.0,0.0,0.0,0.0,0.0,0.0,0.0,0.0,0.0,0.0,0.0,0.0,0.0,0.0,0.0,0.0,0.0,0.0,0.0,0.0,0.0,0.0,0.0,0.0,0.0,0.0,0.0,0.0,0.0,0.0,0.0,0.0,0.0,0.0,0.0,0.0,0.0,0.0,0.0,0.0,0.0,0.0,0.0,0.0,0.0,0.0,0.0,0.0,0.0,0.0,0.0,0.0,0.0,0.0,0.0,0.0,0.0,0.0,0.0
532.7,305.4,176.5,527.0,541.5,836.7,416.5,390.6,375.7,1103.8,1062.4,406.1,917.3,594.4,639.5,1015.9,583.2,627.7,0.0,0.0,0.0,0.0,0.0,0.0,0.0,0.0,0.0,0.0,0.0,0.0,0.0,0.0,0.0,0.0,0.0,0.0,0.0,0.0,0.0,0.0,0.0,0.0,0.0,0.0,0.0,0.0,0.0,0.0,0.0,0.0,0.0,0.0,0.0,0.0,0.0,0.0,0.0,0.0,0.0,0.0,0.0,0.0,0.0,0.0,0.0,0.0,0.0,0.0,0.0,0.0,0.0,0.0,0.0,0.0,0.0,0.0,0.0,0.0,0.0,0.0,0.0,0.0,0.0,0.0,0.0,0.0,0.0,0.0,0.0,0.0,0.0,0.0,0.0,0.0,0.0,0.0,0.0,0.0,0.0,0.0,0.0,0.0,0.0,0.0,0.0,0.0,0.0,0.0,0.0,0.0,0.0,0.0,0.0,0.0,0.0,0.0,0.0,0.0,0.0,0.0,0.0,0.0,0.0,0.0,0.0,0.0,0.0,0.0,0.0,0.0,0.0,0.0
400.6,88.3,258.3,531.6,412.2,831.5,331.8,284.1,272.6,965.1,860.3,213.0,898.7,462.3,507.4,813.8,361.8,495.6,431.2,0.0,0.0,0.0,0.0,0.0,0.0,0.0,0.0,0.0,0.0,0.0,0.0,0.0,0.0,0.0,0.0,0.0,0.0,0.0,0.0,0.0,0.0,0.0,0.0,0.0,0.0,0.0,0.0,0.0,0.0,0.0,0.0,0.0,0.0,0.0,0.0,0.0,0.0,0.0,0.0,0.0,0.0,0.0,0.0,0.0,0.0,0.0,0.0,0.0,0.0,0.0,0.0,0.0,0.0,0.0,0.0,0.0,0.0,0.0,0.0,0.0,0.0,0.0,0.0,0.0,0.0,0.0,0.0,0.0,0.0,0.0,0.0,0.0,0.0,0.0,0.0,0.0,0.0,0.0,0.0,0.0,0.0,0.0,0.0,0.0,0.0,0.0,0.0,0.0,0.0,0.0,0.0,0.0,0.0,0.0,0.0,0.0,0.0,0.0,0.0,0.0,0.0,0.0,0.0,0.0,0.0,0.0,0.0,0.0,0.0,0.0,0.0,0.0
399.3,597.6,712.9,1047.9,510.9,1347.8,536.3,466.1,500.9,1255.5,1110.0,575.3,1415.0,354.5,303.8,1063.5,878.1,380.3,640.0,615.6,0.0,0.0,0.0,0.0,0.0,0.0,0.0,0.0,0.0,0.0,0.0,0.0,0.0,0.0,0.0,0.0,0.0,0.0,0.0,0.0,0.0,0.0,0.0,0.0,0.0,0.0,0.0,0.0,0.0,0.0,0.0,0.0,0.0,0.0,0.0,0.0,0.0,0.0,0.0,0.0,0.0,0.0,0.0,0.0,0.0,0.0,0.0,0.0,0.0,0.0,0.0,0.0,0.0,0.0,0.0,0.0,0.0,0.0,0.0,0.0,0.0,0.0,0.0,0.0,0.0,0.0,0.0,0.0,0.0,0.0,0.0,0.0,0.0,0.0,0.0,0.0,0.0,0.0,0.0,0.0,0.0,0.0,0.0,0.0,0.0,0.0,0.0,0.0,0.0,0.0,0.0,0.0,0.0,0.0,0.0,0.0,0.0,0.0,0.0,0.0,0.0,0.0,0.0,0.0,0.0,0.0,0.0,0.0,0.0,0.0,0.0,0.0
935.8,830.9,854.8,404.9,921.2,496.8,1001.3,953.6,942.1,462.4,788.8,732.3,538.0,1015.1,1060.2,654.8,462.9,1037.6,964.8,771.3,1252.9,0.0,0.0,0.0,0.0,0.0,0.0,0.0,0.0,0.0,0.0,0.0,0.0,0.0,0.0,0.0,0.0,0.0,0.0,0.0,0.0,0.0,0.0,0.0,0.0,0.0,0.0,0.0,0.0,0.0,0.0,0.0,0.0,0.0,0.0,0.0,0.0,0.0,0.0,0.0,0.0,0.0,0.0,0.0,0.0,0.0,0.0,0.0,0.0,0.0,0.0,0.0,0.0,0.0,0.0,0.0,0.0,0.0,0.0,0.0,0.0,0.0,0.0,0.0,0.0,0.0,0.0,0.0,0.0,0.0,0.0,0.0,0.0,0.0,0.0,0.0,0.0,0.0,0.0,0.0,0.0,0.0,0.0,0.0,0.0,0.0,0.0,0.0,0.0,0.0,0.0,0.0,0.0,0.0,0.0,0.0,0.0,0.0,0.0,0.0,0.0,0.0,0.0,0.0,0.0,0.0,0.0,0.0,0.0,0.0,0.0,0.0
908.7,805.6,938.7,590.4,744.8,891.3,974.2,926.5,915.0,551.2,280.4,705.2,852.9,950.2,938.5,126.5,621.8,880.0,1060.9,774.3,1076.5,519.5,0.0,0.0,0.0,0.0,0.0,0.0,0.0,0.0,0.0,0.0,0.0,0.0,0.0,0.0,0.0,0.0,0.0,0.0,0.0,0.0,0.0,0.0,0.0,0.0,0.0,0.0,0.0,0.0,0.0,0.0,0.0,0.0,0.0,0.0,0.0,0.0,0.0,0.0,0.0,0.0,0.0,0.0,0.0,0.0,0.0,0.0,0.0,0.0,0.0,0.0,0.0,0.0,0.0,0.0,0.0,0.0,0.0,0.0,0.0,0.0,0.0,0.0,0.0,0.0,0.0,0.0,0.0,0.0,0.0,0.0,0.0,0.0,0.0,0.0,0.0,0.0,0.0,0.0,0.0,0.0,0.0,0.0,0.0,0.0,0.0,0.0,0.0,0.0,0.0,0.0,0.0,0.0,0.0,0.0,0.0,0.0,0.0,0.0,0.0,0.0,0.0,0.0,0.0,0.0,0.0,0.0,0.0,0.0,0.0,0.0
383.3,216.2,355.7,557.3,366.7,857.2,394.2,346.5,335.0,919.6,814.8,179.8,924.4,462.6,507.7,768.3,387.5,485.1,526.2,184.6,683.7,674.7,779.5,0.0,0.0,0.0,0.0,0.0,0.0,0.0,0.0,0.0,0.0,0.0,0.0,0.0,0.0,0.0,0.0,0.0,0.0,0.0,0.0,0.0,0.0,0.0,0.0,0.0,0.0,0.0,0.0,0.0,0.0,0.0,0.0,0.0,0.0,0.0,0.0,0.0,0.0,0.0,0.0,0.0,0.0,0.0,0.0,0.0,0.0,0.0,0.0,0.0,0.0,0.0,0.0,0.0,0.0,0.0,0.0,0.0,0.0,0.0,0.0,0.0,0.0,0.0,0.0,0.0,0.0,0.0,0.0,0.0,0.0,0.0,0.0,0.0,0.0,0.0,0.0,0.0,0.0,0.0,0.0,0.0,0.0,0.0,0.0,0.0,0.0,0.0,0.0,0.0,0.0,0.0,0.0,0.0,0.0,0.0,0.0,0.0,0.0,0.0,0.0,0.0,0.0,0.0,0.0,0.0,0.0,0.0,0.0,0.0
319.4,525.9,641.2,976.2,513.5,1276.1,464.6,394.4,429.2,1258.1,1112.6,482.3,1343.3,272.4,244.0,1066.1,806.4,382.9,568.3,543.9,172.7,1075.4,1077.3,604.6,0.0,0.0,0.0,0.0,0.0,0.0,0.0,0.0,0.0,0.0,0.0,0.0,0.0,0.0,0.0,0.0,0.0,0.0,0.0,0.0,0.0,0.0,0.0,0.0,0.0,0.0,0.0,0.0,0.0,0.0,0.0,0.0,0.0,0.0,0.0,0.0,0.0,0.0,0.0,0.0,0.0,0.0,0.0,0.0,0.0,0.0,0.0,0.0,0.0,0.0,0.0,0.0,0.0,0.0,0.0,0.0,0.0,0.0,0.0,0.0,0.0,0.0,0.0,0.0,0.0,0.0,0.0,0.0,0.0,0.0,0.0,0.0,0.0,0.0,0.0,0.0,0.0,0.0,0.0,0.0,0.0,0.0,0.0,0.0,0.0,0.0,0.0,0.0,0.0,0.0,0.0,0.0,0.0,0.0,0.0,0.0,0.0,0.0,0.0,0.0,0.0,0.0,0.0,0.0,0.0,0.0,0.0,0.0
981.4,878.3,1011.4,571.9,828.3,697.1,1046.9,999.2,987.7,360.4,521.1,777.9,675.9,1033.7,1022.0,387.1,603.3,963.5,1134.4,847.0,1160.0,325.3,383.8,798.0,1166.1,0.0,0.0,0.0,0.0,0.0,0.0,0.0,0.0,0.0,0.0,0.0,0.0,0.0,0.0,0.0,0.0,0.0,0.0,0.0,0.0,0.0,0.0,0.0,0.0,0.0,0.0,0.0,0.0,0.0,0.0,0.0,0.0,0.0,0.0,0.0,0.0,0.0,0.0,0.0,0.0,0.0,0.0,0.0,0.0,0.0,0.0,0.0,0.0,0.0,0.0,0.0,0.0,0.0,0.0,0.0,0.0,0.0,0.0,0.0,0.0,0.0,0.0,0.0,0.0,0.0,0.0,0.0,0.0,0.0,0.0,0.0,0.0,0.0,0.0,0.0,0.0,0.0,0.0,0.0,0.0,0.0,0.0,0.0,0.0,0.0,0.0,0.0,0.0,0.0,0.0,0.0,0.0,0.0,0.0,0.0,0.0,0.0,0.0,0.0,0.0,0.0,0.0,0.0,0.0,0.0,0.0,0.0
394.1,204.0,329.5,437.0,377.5,736.9,375.6,327.9,316.4,873.9,769.1,190.6,804.1,473.4,518.5,722.6,259.1,495.9,442.1,144.4,665.1,601.6,733.8,166.2,606.2,783.7,0.0,0.0,0.0,0.0,0.0,0.0,0.0,0.0,0.0,0.0,0.0,0.0,0.0,0.0,0.0,0.0,0.0,0.0,0.0,0.0,0.0,0.0,0.0,0.0,0.0,0.0,0.0,0.0,0.0,0.0,0.0,0.0,0.0,0.0,0.0,0.0,0.0,0.0,0.0,0.0,0.0,0.0,0.0,0.0,0.0,0.0,0.0,0.0,0.0,0.0,0.0,0.0,0.0,0.0,0.0,0.0,0.0,0.0,0.0,0.0,0.0,0.0,0.0,0.0,0.0,0.0,0.0,0.0,0.0,0.0,0.0,0.0,0.0,0.0,0.0,0.0,0.0,0.0,0.0,0.0,0.0,0.0,0.0,0.0,0.0,0.0,0.0,0.0,0.0,0.0,0.0,0.0,0.0,0.0,0.0,0.0,0.0,0.0,0.0,0.0,0.0,0.0,0.0,0.0,0.0,0.0
445.2,640.9,756.2,1091.2,556.8,1391.1,579.6,509.4,544.2,1301.4,1155.9,618.6,1458.3,400.4,349.7,1109.4,921.4,426.2,683.3,658.9,111.6,1209.5,1120.6,719.6,219.9,1194.6,719.7,0.0,0.0,0.0,0.0,0.0,0.0,0.0,0.0,0.0,0.0,0.0,0.0,0.0,0.0,0.0,0.0,0.0,0.0,0.0,0.0,0.0,0.0,0.0,0.0,0.0,0.0,0.0,0.0,0.0,0.0,0.0,0.0,0.0,0.0,0.0,0.0,0.0,0.0,0.0,0.0,0.0,0.0,0.0,0.0,0.0,0.0,0.0,0.0,0.0,0.0,0.0,0.0,0.0,0.0,0.0,0.0,0.0,0.0,0.0,0.0,0.0,0.0,0.0,0.0,0.0,0.0,0.0,0.0,0.0,0.0,0.0,0.0,0.0,0.0,0.0,0.0,0.0,0.0,0.0,0.0,0.0,0.0,0.0,0.0,0.0,0.0,0.0,0.0,0.0,0.0,0.0,0.0,0.0,0.0,0.0,0.0,0.0,0.0,0.0,0.0,0.0,0.0,0.0,0.0,0.0
996.8,893.7,1026.8,587.3,854.6,627.6,1062.3,1014.6,1003.1,210.7,613.8,793.3,572.6,1060.0,1048.3,479.8,618.7,989.8,1149.8,862.4,1186.3,350.1,476.5,813.4,1192.4,233.5,824.9,1236.6,0.0,0.0,0.0,0.0,0.0,0.0,0.0,0.0,0.0,0.0,0.0,0.0,0.0,0.0,0.0,0.0,0.0,0.0,0.0,0.0,0.0,0.0,0.0,0.0,0.0,0.0,0.0,0.0,0.0,0.0,0.0,0.0,0.0,0.0,0.0,0.0,0.0,0.0,0.0,0.0,0.0,0.0,0.0,0.0,0.0,0.0,0.0,0.0,0.0,0.0,0.0,0.0,0.0,0.0,0.0,0.0,0.0,0.0,0.0,0.0,0.0,0.0,0.0,0.0,0.0,0.0,0.0,0.0,0.0,0.0,0.0,0.0,0.0,0.0,0.0,0.0,0.0,0.0,0.0,0.0,0.0,0.0,0.0,0.0,0.0,0.0,0.0,0.0,0.0,0.0,0.0,0.0,0.0,0.0,0.0,0.0,0.0,0.0,0.0,0.0,0.0,0.0,0.0,0.0
305.5,136.4,269.5,586.7,317.4,886.6,236.7,189.0,177.5,987.2,882.4,182.0,953.8,367.2,412.3,835.9,416.9,400.5,368.7,154.4,526.2,742.3,847.1,215.1,467.3,897.0,215.2,576.2,910.7,0.0,0.0,0.0,0.0,0.0,0.0,0.0,0.0,0.0,0.0,0.0,0.0,0.0,0.0,0.0,0.0,0.0,0.0,0.0,0.0,0.0,0.0,0.0,0.0,0.0,0.0,0.0,0.0,0.0,0.0,0.0,0.0,0.0,0.0,0.0,0.0,0.0,0.0,0.0,0.0,0.0,0.0,0.0,0.0,0.0,0.0,0.0,0.0,0.0,0.0,0.0,0.0,0.0,0.0,0.0,0.0,0.0,0.0,0.0,0.0,0.0,0.0,0.0,0.0,0.0,0.0,0.0,0.0,0.0,0.0,0.0,0.0,0.0,0.0,0.0,0.0,0.0,0.0,0.0,0.0,0.0,0.0,0.0,0.0,0.0,0.0,0.0,0.0,0.0,0.0,0.0,0.0,0.0,0.0,0.0,0.0,0.0,0.0,0.0,0.0,0.0,0.0,0.0
336.4,599.2,714.5,1040.4,448.0,1340.3,537.9,467.7,502.5,1192.6,1047.1,527.9,1407.5,291.6,240.9,1000.6,846.4,317.4,641.6,617.2,161.1,1100.7,1011.8,647.1,178.2,1085.8,668.9,172.5,1116.1,520.1,0.0,0.0,0.0,0.0,0.0,0.0,0.0,0.0,0.0,0.0,0.0,0.0,0.0,0.0,0.0,0.0,0.0,0.0,0.0,0.0,0.0,0.0,0.0,0.0,0.0,0.0,0.0,0.0,0.0,0.0,0.0,0.0,0.0,0.0,0.0,0.0,0.0,0.0,0.0,0.0,0.0,0.0,0.0,0.0,0.0,0.0,0.0,0.0,0.0,0.0,0.0,0.0,0.0,0.0,0.0,0.0,0.0,0.0,0.0,0.0,0.0,0.0,0.0,0.0,0.0,0.0,0.0,0.0,0.0,0.0,0.0,0.0,0.0,0.0,0.0,0.0,0.0,0.0,0.0,0.0,0.0,0.0,0.0,0.0,0.0,0.0,0.0,0.0,0.0,0.0,0.0,0.0,0.0,0.0,0.0,0.0,0.0,0.0,0.0,0.0,0.0,0.0
376.5,639.3,754.6,1080.5,488.1,1380.4,578.0,507.8,542.6,1232.7,1087.2,568.0,1447.6,331.7,281.0,1040.7,886.5,357.5,681.7,657.3,130.3,1140.8,1051.9,687.2,218.3,1125.9,709.0,135.1,1156.2,560.2,61.4,0.0,0.0,0.0,0.0,0.0,0.0,0.0,0.0,0.0,0.0,0.0,0.0,0.0,0.0,0.0,0.0,0.0,0.0,0.0,0.0,0.0,0.0,0.0,0.0,0.0,0.0,0.0,0.0,0.0,0.0,0.0,0.0,0.0,0.0,0.0,0.0,0.0,0.0,0.0,0.0,0.0,0.0,0.0,0.0,0.0,0.0,0.0,0.0,0.0,0.0,0.0,0.0,0.0,0.0,0.0,0.0,0.0,0.0,0.0,0.0,0.0,0.0,0.0,0.0,0.0,0.0,0.0,0.0,0.0,0.0,0.0,0.0,0.0,0.0,0.0,0.0,0.0,0.0,0.0,0.0,0.0,0.0,0.0,0.0,0.0,0.0,0.0,0.0,0.0,0.0,0.0,0.0,0.0,0.0,0.0,0.0,0.0,0.0,0.0,0.0,0.0
457.5,204.3,63.9,488.1,466.3,827.2,341.3,341.0,300.5,1094.3,996.3,330.9,907.8,519.2,564.3,949.8,517.1,552.5,198.9,293.5,678.2,792.0,961.0,387.1,619.3,1022.9,283.2,728.2,1036.6,257.2,685.4,725.4,0.0,0.0,0.0,0.0,0.0,0.0,0.0,0.0,0.0,0.0,0.0,0.0,0.0,0.0,0.0,0.0,0.0,0.0,0.0,0.0,0.0,0.0,0.0,0.0,0.0,0.0,0.0,0.0,0.0,0.0,0.0,0.0,0.0,0.0,0.0,0.0,0.0,0.0,0.0,0.0,0.0,0.0,0.0,0.0,0.0,0.0,0.0,0.0,0.0,0.0,0.0,0.0,0.0,0.0,0.0,0.0,0.0,0.0,0.0,0.0,0.0,0.0,0.0,0.0,0.0,0.0,0.0,0.0,0.0,0.0,0.0,0.0,0.0,0.0,0.0,0.0,0.0,0.0,0.0,0.0,0.0,0.0,0.0,0.0,0.0,0.0,0.0,0.0,0.0,0.0,0.0,0.0,0.0,0.0,0.0,0.0,0.0,0.0,0.0,0.0
540.7,305.9,177.0,554.7,549.5,871.9,424.5,404.5,383.7,1139.0,1062.9,414.1,952.5,602.4,647.5,1016.4,583.7,635.7,133.2,395.1,720.3,858.6,1027.6,488.7,661.4,1089.5,349.8,770.3,1103.2,340.4,727.5,767.5,161.7,0.0,0.0,0.0,0.0,0.0,0.0,0.0,0.0,0.0,0.0,0.0,0.0,0.0,0.0,0.0,0.0,0.0,0.0,0.0,0.0,0.0,0.0,0.0,0.0,0.0,0.0,0.0,0.0,0.0,0.0,0.0,0.0,0.0,0.0,0.0,0.0,0.0,0.0,0.0,0.0,0.0,0.0,0.0,0.0,0.0,0.0,0.0,0.0,0.0,0.0,0.0,0.0,0.0,0.0,0.0,0.0,0.0,0.0,0.0,0.0,0.0,0.0,0.0,0.0,0.0,0.0,0.0,0.0,0.0,0.0,0.0,0.0,0.0,0.0,0.0,0.0,0.0,0.0,0.0,0.0,0.0,0.0,0.0,0.0,0.0,0.0,0.0,0.0,0.0,0.0,0.0,0.0,0.0,0.0,0.0,0.0,0.0,0.0,0.0
883.5,780.4,913.5,565.2,719.6,866.1,949.0,901.3,889.8,526.0,255.2,680.0,827.7,925.0,913.3,101.3,596.6,854.8,1035.7,749.1,1051.3,494.3,64.7,700.1,1057.4,360.3,711.6,1101.6,446.6,786.6,999.0,1039.0,938.4,998.5,0.0,0.0,0.0,0.0,0.0,0.0,0.0,0.0,0.0,0.0,0.0,0.0,0.0,0.0,0.0,0.0,0.0,0.0,0.0,0.0,0.0,0.0,0.0,0.0,0.0,0.0,0.0,0.0,0.0,0.0,0.0,0.0,0.0,0.0,0.0,0.0,0.0,0.0,0.0,0.0,0.0,0.0,0.0,0.0,0.0,0.0,0.0,0.0,0.0,0.0,0.0,0.0,0.0,0.0,0.0,0.0,0.0,0.0,0.0,0.0,0.0,0.0,0.0,0.0,0.0,0.0,0.0,0.0,0.0,0.0,0.0,0.0,0.0,0.0,0.0,0.0,0.0,0.0,0.0,0.0,0.0,0.0,0.0,0.0,0.0,0.0,0.0,0.0,0.0,0.0,0.0,0.0,0.0,0.0,0.0,0.0,0.0,0.0
632.7,479.8,558.5,328.8,618.1,628.7,651.4,603.7,592.2,750.0,774.1,429.2,695.9,712.0,757.1,685.1,79.5,734.5,671.1,420.2,940.9,434.3,681.8,442.0,877.7,659.8,320.7,990.9,673.5,478.6,897.5,937.5,573.8,633.9,662.9,0.0,0.0,0.0,0.0,0.0,0.0,0.0,0.0,0.0,0.0,0.0,0.0,0.0,0.0,0.0,0.0,0.0,0.0,0.0,0.0,0.0,0.0,0.0,0.0,0.0,0.0,0.0,0.0,0.0,0.0,0.0,0.0,0.0,0.0,0.0,0.0,0.0,0.0,0.0,0.0,0.0,0.0,0.0,0.0,0.0,0.0,0.0,0.0,0.0,0.0,0.0,0.0,0.0,0.0,0.0,0.0,0.0,0.0,0.0,0.0,0.0,0.0,0.0,0.0,0.0,0.0,0.0,0.0,0.0,0.0,0.0,0.0,0.0,0.0,0.0,0.0,0.0,0.0,0.0,0.0,0.0,0.0,0.0,0.0,0.0,0.0,0.0,0.0,0.0,0.0,0.0,0.0,0.0,0.0,0.0,0.0,0.0
1149.9,971.8,937.6,518.9,1135.3,178.1,1143.4,1095.7,1084.2,638.7,1017.7,946.4,99.3,1229.2,1274.3,883.7,750.4,1251.7,981.4,912.2,1432.9,499.4,880.4,934.0,1374.0,697.5,767.8,1482.9,578.4,970.6,1414.7,1454.7,952.9,1013.0,861.5,696.3,0.0,0.0,0.0,0.0,0.0,0.0,0.0,0.0,0.0,0.0,0.0,0.0,0.0,0.0,0.0,0.0,0.0,0.0,0.0,0.0,0.0,0.0,0.0,0.0,0.0,0.0,0.0,0.0,0.0,0.0,0.0,0.0,0.0,0.0,0.0,0.0,0.0,0.0,0.0,0.0,0.0,0.0,0.0,0.0,0.0,0.0,0.0,0.0,0.0,0.0,0.0,0.0,0.0,0.0,0.0,0.0,0.0,0.0,0.0,0.0,0.0,0.0,0.0,0.0,0.0,0.0,0.0,0.0,0.0,0.0,0.0,0.0,0.0,0.0,0.0,0.0,0.0,0.0,0.0,0.0,0.0,0.0,0.0,0.0,0.0,0.0,0.0,0.0,0.0,0.0,0.0,0.0,0.0,0.0,0.0,0.0
302.5,556.0,671.3,1006.3,414.1,1306.2,494.7,424.5,459.3,1158.7,1013.2,494.0,1373.4,257.7,207.0,966.7,812.5,283.5,598.4,574.0,117.9,1066.8,977.9,613.2,135.0,1051.9,634.8,168.2,1082.2,476.9,65.6,105.6,646.0,639.1,959.0,874.0,1384.8,0.0,0.0,0.0,0.0,0.0,0.0,0.0,0.0,0.0,0.0,0.0,0.0,0.0,0.0,0.0,0.0,0.0,0.0,0.0,0.0,0.0,0.0,0.0,0.0,0.0,0.0,0.0,0.0,0.0,0.0,0.0,0.0,0.0,0.0,0.0,0.0,0.0,0.0,0.0,0.0,0.0,0.0,0.0,0.0,0.0,0.0,0.0,0.0,0.0,0.0,0.0,0.0,0.0,0.0,0.0,0.0,0.0,0.0,0.0,0.0,0.0,0.0,0.0,0.0,0.0,0.0,0.0,0.0,0.0,0.0,0.0,0.0,0.0,0.0,0.0,0.0,0.0,0.0,0.0,0.0,0.0,0.0,0.0,0.0,0.0,0.0,0.0,0.0,0.0,0.0,0.0,0.0,0.0,0.0,0.0
815.5,712.4,845.5,406.0,673.3,621.4,881.0,833.3,821.8,341.1,502.3,612.0,600.2,878.7,867.0,368.3,437.4,808.5,968.5,681.1,1005.0,249.6,365.0,632.1,1011.1,237.5,643.6,1055.3,264.6,718.6,952.7,992.7,871.2,931.3,346.1,498.9,611.6,887.1,0.0,0.0,0.0,0.0,0.0,0.0,0.0,0.0,0.0,0.0,0.0,0.0,0.0,0.0,0.0,0.0,0.0,0.0,0.0,0.0,0.0,0.0,0.0,0.0,0.0,0.0,0.0,0.0,0.0,0.0,0.0,0.0,0.0,0.0,0.0,0.0,0.0,0.0,0.0,0.0,0.0,0.0,0.0,0.0,0.0,0.0,0.0,0.0,0.0,0.0,0.0,0.0,0.0,0.0,0.0,0.0,0.0,0.0,0.0,0.0,0.0,0.0,0.0,0.0,0.0,0.0,0.0,0.0,0.0,0.0,0.0,0.0,0.0,0.0,0.0,0.0,0.0,0.0,0.0,0.0,0.0,0.0,0.0,0.0,0.0,0.0,0.0,0.0,0.0,0.0,0.0,0.0,0.0,0.0
783.5,665.5,662.5,212.6,768.9,426.8,837.1,789.4,777.9,502.9,676.7,580.0,494.0,862.8,907.9,542.7,299.2,885.3,775.1,605.9,1100.6,137.1,539.4,600.1,1028.5,402.9,461.5,1150.9,426.4,664.3,1048.3,1088.3,677.8,737.9,520.5,323.8,505.4,982.7,209.9,0.0,0.0,0.0,0.0,0.0,0.0,0.0,0.0,0.0,0.0,0.0,0.0,0.0,0.0,0.0,0.0,0.0,0.0,0.0,0.0,0.0,0.0,0.0,0.0,0.0,0.0,0.0,0.0,0.0,0.0,0.0,0.0,0.0,0.0,0.0,0.0,0.0,0.0,0.0,0.0,0.0,0.0,0.0,0.0,0.0,0.0,0.0,0.0,0.0,0.0,0.0,0.0,0.0,0.0,0.0,0.0,0.0,0.0,0.0,0.0,0.0,0.0,0.0,0.0,0.0,0.0,0.0,0.0,0.0,0.0,0.0,0.0,0.0,0.0,0.0,0.0,0.0,0.0,0.0,0.0,0.0,0.0,0.0,0.0,0.0,0.0,0.0,0.0,0.0,0.0,0.0,0.0,0.0
314.3,347.0,429.4,797.3,432.6,1097.2,164.7,98.1,186.6,1185.7,1068.1,347.7,1164.4,378.5,423.6,1021.6,627.5,452.5,356.5,365.0,537.5,940.8,1032.8,425.7,478.6,1095.5,425.8,587.5,1109.2,267.9,544.7,584.7,414.1,397.2,1013.9,689.0,1175.8,519.7,896.7,864.1,0.0,0.0,0.0,0.0,0.0,0.0,0.0,0.0,0.0,0.0,0.0,0.0,0.0,0.0,0.0,0.0,0.0,0.0,0.0,0.0,0.0,0.0,0.0,0.0,0.0,0.0,0.0,0.0,0.0,0.0,0.0,0.0,0.0,0.0,0.0,0.0,0.0,0.0,0.0,0.0,0.0,0.0,0.0,0.0,0.0,0.0,0.0,0.0,0.0,0.0,0.0,0.0,0.0,0.0,0.0,0.0,0.0,0.0,0.0,0.0,0.0,0.0,0.0,0.0,0.0,0.0,0.0,0.0,0.0,0.0,0.0,0.0,0.0,0.0,0.0,0.0,0.0,0.0,0.0,0.0,0.0,0.0,0.0,0.0,0.0,0.0,0.0,0.0,0.0,0.0,0.0,0.0
754.2,651.1,784.2,344.7,619.2,661.6,819.7,772.0,760.5,387.6,423.6,550.7,646.7,824.6,812.9,289.6,376.1,754.4,907.2,619.8,950.9,296.1,286.3,570.8,957.0,278.8,582.3,1001.2,311.1,657.3,898.6,938.6,809.9,870.0,267.4,437.6,658.1,833.0,98.6,291.9,850.6,0.0,0.0,0.0,0.0,0.0,0.0,0.0,0.0,0.0,0.0,0.0,0.0,0.0,0.0,0.0,0.0,0.0,0.0,0.0,0.0,0.0,0.0,0.0,0.0,0.0,0.0,0.0,0.0,0.0,0.0,0.0,0.0,0.0,0.0,0.0,0.0,0.0,0.0,0.0,0.0,0.0,0.0,0.0,0.0,0.0,0.0,0.0,0.0,0.0,0.0,0.0,0.0,0.0,0.0,0.0,0.0,0.0,0.0,0.0,0.0,0.0,0.0,0.0,0.0,0.0,0.0,0.0,0.0,0.0,0.0,0.0,0.0,0.0,0.0,0.0,0.0,0.0,0.0,0.0,0.0,0.0,0.0,0.0,0.0,0.0,0.0,0.0,0.0,0.0,0.0,0.0
768.4,665.3,798.4,358.9,626.2,624.4,833.9,786.2,774.7,344.1,491.6,564.9,603.2,831.6,819.9,357.6,390.3,761.4,921.4,634.0,957.9,252.6,354.3,585.0,964.0,253.9,596.5,1008.2,267.6,671.5,905.6,945.6,824.1,884.2,335.4,451.8,614.6,840.0,55.1,248.4,864.8,187.7,0.0,0.0,0.0,0.0,0.0,0.0,0.0,0.0,0.0,0.0,0.0,0.0,0.0,0.0,0.0,0.0,0.0,0.0,0.0,0.0,0.0,0.0,0.0,0.0,0.0,0.0,0.0,0.0,0.0,0.0,0.0,0.0,0.0,0.0,0.0,0.0,0.0,0.0,0.0,0.0,0.0,0.0,0.0,0.0,0.0,0.0,0.0,0.0,0.0,0.0,0.0,0.0,0.0,0.0,0.0,0.0,0.0,0.0,0.0,0.0,0.0,0.0,0.0,0.0,0.0,0.0,0.0,0.0,0.0,0.0,0.0,0.0,0.0,0.0,0.0,0.0,0.0,0.0,0.0,0.0,0.0,0.0,0.0,0.0,0.0,0.0,0.0,0.0,0.0,0.0
492.4,154.5,77.0,451.3,504.3,790.4,416.1,375.9,364.4,1057.5,959.5,297.3,871.0,554.1,599.2,913.0,480.3,587.4,241.5,243.7,713.1,755.2,924.2,337.3,654.2,986.1,246.4,763.1,999.8,250.8,720.3,760.3,108.1,204.3,905.3,541.8,882.4,695.3,787.3,641.7,454.5,841.5,790.3,0.0,0.0,0.0,0.0,0.0,0.0,0.0,0.0,0.0,0.0,0.0,0.0,0.0,0.0,0.0,0.0,0.0,0.0,0.0,0.0,0.0,0.0,0.0,0.0,0.0,0.0,0.0,0.0,0.0,0.0,0.0,0.0,0.0,0.0,0.0,0.0,0.0,0.0,0.0,0.0,0.0,0.0,0.0,0.0,0.0,0.0,0.0,0.0,0.0,0.0,0.0,0.0,0.0,0.0,0.0,0.0,0.0,0.0,0.0,0.0,0.0,0.0,0.0,0.0,0.0,0.0,0.0,0.0,0.0,0.0,0.0,0.0,0.0,0.0,0.0,0.0,0.0,0.0,0.0,0.0,0.0,0.0,0.0,0.0,0.0,0.0,0.0,0.0,0.0
750.9,647.8,780.9,351.1,701.5,549.8,816.4,768.7,757.2,396.6,566.9,547.4,523.1,830.2,875.3,432.9,372.8,836.7,913.6,616.5,1033.2,178.0,429.6,567.5,995.9,306.4,579.0,1083.5,320.1,654.0,980.9,1020.9,812.0,876.4,410.7,434.3,534.5,915.3,100.1,157.4,847.3,263.0,211.9,762.2,0.0,0.0,0.0,0.0,0.0,0.0,0.0,0.0,0.0,0.0,0.0,0.0,0.0,0.0,0.0,0.0,0.0,0.0,0.0,0.0,0.0,0.0,0.0,0.0,0.0,0.0,0.0,0.0,0.0,0.0,0.0,0.0,0.0,0.0,0.0,0.0,0.0,0.0,0.0,0.0,0.0,0.0,0.0,0.0,0.0,0.0,0.0,0.0,0.0,0.0,0.0,0.0,0.0,0.0,0.0,0.0,0.0,0.0,0.0,0.0,0.0,0.0,0.0,0.0,0.0,0.0,0.0,0.0,0.0,0.0,0.0,0.0,0.0,0.0,0.0,0.0,0.0,0.0,0.0,0.0,0.0,0.0,0.0,0.0,0.0,0.0,0.0,0.0
714.3,611.2,721.3,271.4,699.7,484.1,779.8,732.1,720.6,437.2,607.5,510.8,523.2,793.6,838.7,473.5,336.2,816.1,833.9,579.9,1031.4,169.1,470.2,530.9,959.3,347.0,530.7,1081.7,360.7,617.4,979.1,1019.1,736.6,796.7,451.3,361.5,534.6,913.5,140.7,69.2,810.7,303.6,252.5,701.6,117.1,0.0,0.0,0.0,0.0,0.0,0.0,0.0,0.0,0.0,0.0,0.0,0.0,0.0,0.0,0.0,0.0,0.0,0.0,0.0,0.0,0.0,0.0,0.0,0.0,0.0,0.0,0.0,0.0,0.0,0.0,0.0,0.0,0.0,0.0,0.0,0.0,0.0,0.0,0.0,0.0,0.0,0.0,0.0,0.0,0.0,0.0,0.0,0.0,0.0,0.0,0.0,0.0,0.0,0.0,0.0,0.0,0.0,0.0,0.0,0.0,0.0,0.0,0.0,0.0,0.0,0.0,0.0,0.0,0.0,0.0,0.0,0.0,0.0,0.0,0.0,0.0,0.0,0.0,0.0,0.0,0.0,0.0,0.0,0.0,0.0,0.0,0.0
736.5,558.4,486.4,10.6,721.9,434.1,730.0,682.3,670.8,635.6,704.7,533.0,501.3,815.8,860.9,570.7,332.6,838.3,599.0,498.8,1019.5,314.5,567.4,520.6,960.6,545.4,354.4,1069.5,559.1,557.2,1001.3,1041.3,501.7,561.8,548.5,282.9,512.7,935.7,346.6,201.0,760.9,400.8,349.7,466.7,351.1,255.5,0.0,0.0,0.0,0.0,0.0,0.0,0.0,0.0,0.0,0.0,0.0,0.0,0.0,0.0,0.0,0.0,0.0,0.0,0.0,0.0,0.0,0.0,0.0,0.0,0.0,0.0,0.0,0.0,0.0,0.0,0.0,0.0,0.0,0.0,0.0,0.0,0.0,0.0,0.0,0.0,0.0,0.0,0.0,0.0,0.0,0.0,0.0,0.0,0.0,0.0,0.0,0.0,0.0,0.0,0.0,0.0,0.0,0.0,0.0,0.0,0.0,0.0,0.0,0.0,0.0,0.0,0.0,0.0,0.0,0.0,0.0,0.0,0.0,0.0,0.0,0.0,0.0,0.0,0.0,0.0,0.0,0.0,0.0,0.0,0.0,0.0
159.6,285.8,407.6,736.1,303.4,1036.0,248.3,200.6,189.1,1062.9,940.8,224.9,1103.2,238.9,284.0,894.3,563.7,300.7,491.4,303.8,449.1,818.0,905.5,358.6,390.2,972.7,364.6,499.1,986.4,206.7,446.9,486.9,375.8,464.2,886.6,625.2,1114.6,381.3,773.9,802.9,279.2,820.4,742.2,400.2,771.1,735.6,764.5,0.0,0.0,0.0,0.0,0.0,0.0,0.0,0.0,0.0,0.0,0.0,0.0,0.0,0.0,0.0,0.0,0.0,0.0,0.0,0.0,0.0,0.0,0.0,0.0,0.0,0.0,0.0,0.0,0.0,0.0,0.0,0.0,0.0,0.0,0.0,0.0,0.0,0.0,0.0,0.0,0.0,0.0,0.0,0.0,0.0,0.0,0.0,0.0,0.0,0.0,0.0,0.0,0.0,0.0,0.0,0.0,0.0,0.0,0.0,0.0,0.0,0.0,0.0,0.0,0.0,0.0,0.0,0.0,0.0,0.0,0.0,0.0,0.0,0.0,0.0,0.0,0.0,0.0,0.0,0.0,0.0,0.0,0.0,0.0,0.0
1080.7,977.6,1079.2,629.3,938.5,478.6,1146.2,1098.5,1087.0,328.3,713.5,877.2,460.7,1143.9,1132.2,649.2,702.6,1073.7,1131.4,946.3,1270.2,434.0,611.8,897.3,1276.3,418.7,878.2,1320.5,308.6,983.8,1217.9,1257.9,1094.5,1154.6,627.0,764.1,472.1,1152.3,345.3,510.3,1177.1,464.9,448.9,1059.5,352.9,441.1,664.9,1055.7,0.0,0.0,0.0,0.0,0.0,0.0,0.0,0.0,0.0,0.0,0.0,0.0,0.0,0.0,0.0,0.0,0.0,0.0,0.0,0.0,0.0,0.0,0.0,0.0,0.0,0.0,0.0,0.0,0.0,0.0,0.0,0.0,0.0,0.0,0.0,0.0,0.0,0.0,0.0,0.0,0.0,0.0,0.0,0.0,0.0,0.0,0.0,0.0,0.0,0.0,0.0,0.0,0.0,0.0,0.0,0.0,0.0,0.0,0.0,0.0,0.0,0.0,0.0,0.0,0.0,0.0,0.0,0.0,0.0,0.0,0.0,0.0,0.0,0.0,0.0,0.0,0.0,0.0,0.0,0.0,0.0,0.0,0.0,0.0
531.2,341.1,365.7,348.9,514.6,648.8,512.7,465.0,453.5,856.5,727.6,327.7,716.0,610.5,655.6,681.1,257.5,633.0,478.3,281.5,802.2,529.2,692.3,303.3,743.3,766.3,137.1,852.2,780.0,339.9,794.0,834.0,381.0,441.1,673.4,319.0,727.4,728.4,567.5,415.7,543.6,621.7,558.4,346.0,564.7,484.9,384.5,497.6,715.7,0.0,0.0,0.0,0.0,0.0,0.0,0.0,0.0,0.0,0.0,0.0,0.0,0.0,0.0,0.0,0.0,0.0,0.0,0.0,0.0,0.0,0.0,0.0,0.0,0.0,0.0,0.0,0.0,0.0,0.0,0.0,0.0,0.0,0.0,0.0,0.0,0.0,0.0,0.0,0.0,0.0,0.0,0.0,0.0,0.0,0.0,0.0,0.0,0.0,0.0,0.0,0.0,0.0,0.0,0.0,0.0,0.0,0.0,0.0,0.0,0.0,0.0,0.0,0.0,0.0,0.0,0.0,0.0,0.0,0.0,0.0,0.0,0.0,0.0,0.0,0.0,0.0,0.0,0.0,0.0,0.0,0.0,0.0
1036.0,857.9,854.9,405.0,1021.4,156.7,1029.5,981.8,970.3,570.2,984.6,832.5,183.7,1115.3,1160.4,871.0,636.5,1137.8,947.9,798.3,1319.0,408.8,867.7,820.1,1260.1,660.6,653.9,1369.0,550.5,856.7,1300.8,1340.8,870.2,930.3,848.8,582.4,195.1,1235.2,578.7,395.5,1060.4,686.7,664.7,835.2,561.5,463.9,440.6,1011.0,435.6,653.0,0.0,0.0,0.0,0.0,0.0,0.0,0.0,0.0,0.0,0.0,0.0,0.0,0.0,0.0,0.0,0.0,0.0,0.0,0.0,0.0,0.0,0.0,0.0,0.0,0.0,0.0,0.0,0.0,0.0,0.0,0.0,0.0,0.0,0.0,0.0,0.0,0.0,0.0,0.0,0.0,0.0,0.0,0.0,0.0,0.0,0.0,0.0,0.0,0.0,0.0,0.0,0.0,0.0,0.0,0.0,0.0,0.0,0.0,0.0,0.0,0.0,0.0,0.0,0.0,0.0,0.0,0.0,0.0,0.0,0.0,0.0,0.0,0.0,0.0,0.0,0.0,0.0,0.0,0.0,0.0,0.0,0.0
846.7,743.6,876.7,446.9,832.1,363.5,912.2,864.5,853.0,342.4,716.8,643.2,308.5,926.0,971.1,582.8,468.6,948.5,1009.4,712.3,1163.8,183.8,579.5,663.3,1091.7,381.9,674.8,1214.1,262.8,749.8,1111.5,1151.5,907.8,972.2,560.6,530.1,319.9,1045.9,279.8,264.3,943.1,398.5,387.4,858.0,256.2,195.1,482.5,821.7,207.1,697.4,328.5,0.0,0.0,0.0,0.0,0.0,0.0,0.0,0.0,0.0,0.0,0.0,0.0,0.0,0.0,0.0,0.0,0.0,0.0,0.0,0.0,0.0,0.0,0.0,0.0,0.0,0.0,0.0,0.0,0.0,0.0,0.0,0.0,0.0,0.0,0.0,0.0,0.0,0.0,0.0,0.0,0.0,0.0,0.0,0.0,0.0,0.0,0.0,0.0,0.0,0.0,0.0,0.0,0.0,0.0,0.0,0.0,0.0,0.0,0.0,0.0,0.0,0.0,0.0,0.0,0.0,0.0,0.0,0.0,0.0,0.0,0.0,0.0,0.0,0.0,0.0,0.0,0.0,0.0,0.0,0.0,0.0
162.6,332.0,453.8,737.8,231.5,1037.7,294.5,246.8,235.3,1014.4,868.9,201.9,1104.9,198.1,267.0,822.4,540.7,186.2,537.6,350.0,482.2,795.0,833.6,344.5,413.0,907.6,366.3,532.5,937.9,252.9,429.9,469.9,422.0,510.4,814.7,602.2,1116.3,364.3,725.4,781.8,325.4,748.5,670.3,446.4,748.1,712.6,766.2,160.1,873.6,388.9,998.5,831.6,0.0,0.0,0.0,0.0,0.0,0.0,0.0,0.0,0.0,0.0,0.0,0.0,0.0,0.0,0.0,0.0,0.0,0.0,0.0,0.0,0.0,0.0,0.0,0.0,0.0,0.0,0.0,0.0,0.0,0.0,0.0,0.0,0.0,0.0,0.0,0.0,0.0,0.0,0.0,0.0,0.0,0.0,0.0,0.0,0.0,0.0,0.0,0.0,0.0,0.0,0.0,0.0,0.0,0.0,0.0,0.0,0.0,0.0,0.0,0.0,0.0,0.0,0.0,0.0,0.0,0.0,0.0,0.0,0.0,0.0,0.0,0.0,0.0,0.0,0.0,0.0,0.0,0.0,0.0,0.0
578.3,475.2,608.3,298.5,563.7,615.4,643.8,596.1,584.6,502.6,571.7,374.8,602.8,657.6,702.7,437.7,200.2,680.1,749.5,443.9,895.4,257.7,434.4,394.9,823.3,412.4,406.4,945.7,426.1,481.4,843.1,883.1,639.4,712.3,415.5,261.7,614.2,777.5,213.6,244.5,674.7,267.8,216.7,589.6,210.8,175.3,334.1,553.3,361.8,429.0,576.2,294.3,540.2,0.0,0.0,0.0,0.0,0.0,0.0,0.0,0.0,0.0,0.0,0.0,0.0,0.0,0.0,0.0,0.0,0.0,0.0,0.0,0.0,0.0,0.0,0.0,0.0,0.0,0.0,0.0,0.0,0.0,0.0,0.0,0.0,0.0,0.0,0.0,0.0,0.0,0.0,0.0,0.0,0.0,0.0,0.0,0.0,0.0,0.0,0.0,0.0,0.0,0.0,0.0,0.0,0.0,0.0,0.0,0.0,0.0,0.0,0.0,0.0,0.0,0.0,0.0,0.0,0.0,0.0,0.0,0.0,0.0,0.0,0.0,0.0,0.0,0.0,0.0,0.0,0.0,0.0,0.0
159.5,326.5,448.3,776.8,385.1,1076.7,257.7,187.5,229.8,1138.3,1022.5,300.3,1143.9,208.5,253.6,976.0,607.0,327.8,453.4,344.5,392.2,893.4,987.2,405.2,333.3,1048.1,405.3,442.2,1061.8,247.4,399.4,439.4,416.5,494.1,968.3,668.5,1155.3,350.9,849.3,843.6,266.1,902.1,823.9,440.9,846.5,811.0,805.2,163.0,997.5,427.9,1037.5,930.0,224.6,763.0,0.0,0.0,0.0,0.0,0.0,0.0,0.0,0.0,0.0,0.0,0.0,0.0,0.0,0.0,0.0,0.0,0.0,0.0,0.0,0.0,0.0,0.0,0.0,0.0,0.0,0.0,0.0,0.0,0.0,0.0,0.0,0.0,0.0,0.0,0.0,0.0,0.0,0.0,0.0,0.0,0.0,0.0,0.0,0.0,0.0,0.0,0.0,0.0,0.0,0.0,0.0,0.0,0.0,0.0,0.0,0.0,0.0,0.0,0.0,0.0,0.0,0.0,0.0,0.0,0.0,0.0,0.0,0.0,0.0,0.0,0.0,0.0,0.0,0.0,0.0,0.0,0.0,0.0
724.5,630.8,763.9,470.2,535.7,787.1,784.4,736.7,725.2,513.3,521.2,530.4,772.4,741.1,729.4,387.2,423.7,670.9,886.1,599.5,867.4,421.8,383.9,550.5,873.5,372.0,562.0,917.7,436.8,629.0,815.1,855.1,788.8,848.9,365.0,485.2,783.8,749.5,224.3,417.6,815.3,212.9,169.2,745.2,260.2,348.4,505.8,699.5,372.5,568.6,747.9,463.9,635.7,301.4,779.2,0.0,0.0,0.0,0.0,0.0,0.0,0.0,0.0,0.0,0.0,0.0,0.0,0.0,0.0,0.0,0.0,0.0,0.0,0.0,0.0,0.0,0.0,0.0,0.0,0.0,0.0,0.0,0.0,0.0,0.0,0.0,0.0,0.0,0.0,0.0,0.0,0.0,0.0,0.0,0.0,0.0,0.0,0.0,0.0,0.0,0.0,0.0,0.0,0.0,0.0,0.0,0.0,0.0,0.0,0.0,0.0,0.0,0.0,0.0,0.0,0.0,0.0,0.0,0.0,0.0,0.0,0.0,0.0,0.0,0.0,0.0,0.0,0.0,0.0,0.0,0.0,0.0
240.3,547.0,668.8,909.0,316.6,1208.9,485.7,415.5,450.3,1061.2,915.7,431.8,1276.1,157.8,182.2,869.2,715.0,158.0,631.7,564.7,362.4,969.3,880.4,515.7,343.4,954.4,537.5,412.7,984.7,467.9,310.1,350.1,637.0,672.4,861.5,776.5,1287.5,244.5,772.2,956.1,494.1,795.3,717.1,661.4,808.1,886.9,937.4,344.8,920.4,560.1,1169.7,1005.9,285.6,838.9,321.7,671.0,0.0,0.0,0.0,0.0,0.0,0.0,0.0,0.0,0.0,0.0,0.0,0.0,0.0,0.0,0.0,0.0,0.0,0.0,0.0,0.0,0.0,0.0,0.0,0.0,0.0,0.0,0.0,0.0,0.0,0.0,0.0,0.0,0.0,0.0,0.0,0.0,0.0,0.0,0.0,0.0,0.0,0.0,0.0,0.0,0.0,0.0,0.0,0.0,0.0,0.0,0.0,0.0,0.0,0.0,0.0,0.0,0.0,0.0,0.0,0.0,0.0,0.0,0.0,0.0,0.0,0.0,0.0,0.0,0.0,0.0,0.0,0.0,0.0,0.0,0.0,0.0
506.1,403.0,536.1,373.5,491.5,675.4,571.6,523.9,512.4,577.6,592.1,302.6,677.8,585.4,630.5,512.7,178.5,607.9,677.3,371.7,823.2,332.7,509.4,322.7,751.1,487.4,334.2,873.5,501.1,409.2,770.9,810.9,567.2,640.1,490.5,240.0,689.2,705.3,288.6,319.5,602.5,342.8,280.4,517.4,285.8,250.3,392.8,481.1,436.8,356.8,636.2,369.3,468.0,202.3,560.8,315.4,630.9,0.0,0.0,0.0,0.0,0.0,0.0,0.0,0.0,0.0,0.0,0.0,0.0,0.0,0.0,0.0,0.0,0.0,0.0,0.0,0.0,0.0,0.0,0.0,0.0,0.0,0.0,0.0,0.0,0.0,0.0,0.0,0.0,0.0,0.0,0.0,0.0,0.0,0.0,0.0,0.0,0.0,0.0,0.0,0.0,0.0,0.0,0.0,0.0,0.0,0.0,0.0,0.0,0.0,0.0,0.0,0.0,0.0,0.0,0.0,0.0,0.0,0.0,0.0,0.0,0.0,0.0,0.0,0.0,0.0,0.0,0.0,0.0,0.0,0.0,0.0
1209.8,1066.4,1016.4,613.5,1195.2,272.7,1238.0,1190.3,1178.8,686.2,1065.2,1006.3,169.3,1289.1,1334.2,931.2,831.7,1311.6,1060.2,1006.8,1526.9,546.9,927.9,1026.4,1454.8,745.0,862.4,1577.2,625.9,1065.2,1474.6,1514.6,1031.7,1091.8,909.0,790.9,199.0,1409.0,642.9,604.0,1268.9,761.6,750.5,996.7,619.3,558.2,649.1,1184.8,551.6,861.5,291.3,363.1,1171.7,631.5,1256.0,835.2,1334.6,703.7,0.0,0.0,0.0,0.0,0.0,0.0,0.0,0.0,0.0,0.0,0.0,0.0,0.0,0.0,0.0,0.0,0.0,0.0,0.0,0.0,0.0,0.0,0.0,0.0,0.0,0.0,0.0,0.0,0.0,0.0,0.0,0.0,0.0,0.0,0.0,0.0,0.0,0.0,0.0,0.0,0.0,0.0,0.0,0.0,0.0,0.0,0.0,0.0,0.0,0.0,0.0,0.0,0.0,0.0,0.0,0.0,0.0,0.0,0.0,0.0,0.0,0.0,0.0,0.0,0.0,0.0,0.0,0.0,0.0,0.0,0.0,0.0,0.0,0.0
835.3,732.2,865.3,676.5,671.4,959.3,900.8,853.1,841.6,637.3,144.0,631.8,939.0,876.8,865.1,176.2,584.6,806.6,987.5,700.9,1003.1,605.6,226.1,651.9,1009.2,471.6,663.4,1053.4,557.9,738.4,950.8,990.8,890.2,950.3,207.2,646.1,950.4,885.2,430.4,623.7,931.7,331.8,375.3,846.6,466.3,554.5,697.2,810.3,564.2,670.0,920.1,647.7,771.4,507.7,890.0,453.4,810.8,523.5,1003.8,0.0,0.0,0.0,0.0,0.0,0.0,0.0,0.0,0.0,0.0,0.0,0.0,0.0,0.0,0.0,0.0,0.0,0.0,0.0,0.0,0.0,0.0,0.0,0.0,0.0,0.0,0.0,0.0,0.0,0.0,0.0,0.0,0.0,0.0,0.0,0.0,0.0,0.0,0.0,0.0,0.0,0.0,0.0,0.0,0.0,0.0,0.0,0.0,0.0,0.0,0.0,0.0,0.0,0.0,0.0,0.0,0.0,0.0,0.0,0.0,0.0,0.0,0.0,0.0,0.0,0.0,0.0,0.0,0.0,0.0,0.0,0.0,0.0
564.8,247.4,192.7,465.2,548.2,804.3,507.4,468.8,457.3,1038.1,910.1,361.3,884.9,644.1,689.2,863.6,423.3,666.6,337.5,315.1,806.0,711.7,874.8,336.9,747.1,947.9,183.4,856.0,961.6,343.7,813.2,853.2,223.8,300.3,855.9,484.8,896.3,762.0,749.1,598.2,547.4,803.3,740.9,145.2,746.3,667.4,454.6,501.4,897.3,182.5,792.1,829.8,526.7,656.6,534.5,694.8,687.6,561.7,970.0,806.0,0.0,0.0,0.0,0.0,0.0,0.0,0.0,0.0,0.0,0.0,0.0,0.0,0.0,0.0,0.0,0.0,0.0,0.0,0.0,0.0,0.0,0.0,0.0,0.0,0.0,0.0,0.0,0.0,0.0,0.0,0.0,0.0,0.0,0.0,0.0,0.0,0.0,0.0,0.0,0.0,0.0,0.0,0.0,0.0,0.0,0.0,0.0,0.0,0.0,0.0,0.0,0.0,0.0,0.0,0.0,0.0,0.0,0.0,0.0,0.0,0.0,0.0,0.0,0.0,0.0,0.0,0.0,0.0,0.0,0.0,0.0,0.0
643.1,540.0,673.1,243.3,628.5,560.2,708.6,660.9,649.4,469.7,538.8,439.6,579.0,722.4,767.5,404.8,265.0,744.9,805.8,508.7,960.2,233.9,401.5,459.7,888.1,379.5,471.2,1010.5,393.2,546.2,907.9,947.9,704.2,768.6,382.6,326.5,590.4,842.3,180.7,192.7,739.5,234.9,183.8,654.4,187.0,151.5,278.9,618.1,328.9,493.8,521.0,270.5,605.0,64.8,697.8,268.5,767.9,137.0,643.8,547.7,627.7,0.0,0.0,0.0,0.0,0.0,0.0,0.0,0.0,0.0,0.0,0.0,0.0,0.0,0.0,0.0,0.0,0.0,0.0,0.0,0.0,0.0,0.0,0.0,0.0,0.0,0.0,0.0,0.0,0.0,0.0,0.0,0.0,0.0,0.0,0.0,0.0,0.0,0.0,0.0,0.0,0.0,0.0,0.0,0.0,0.0,0.0,0.0,0.0,0.0,0.0,0.0,0.0,0.0,0.0,0.0,0.0,0.0,0.0,0.0,0.0,0.0,0.0,0.0,0.0,0.0,0.0,0.0,0.0,0.0,0.0,0.0
901.7,798.6,931.7,619.9,737.8,920.8,967.2,919.5,908.0,580.7,236.2,698.2,882.4,943.2,931.5,26.5,651.0,873.0,1053.9,767.3,1069.5,549.0,147.0,718.3,1075.6,415.0,729.8,1119.8,501.3,804.8,1017.2,1057.2,956.6,1016.7,128.1,712.5,893.8,951.6,373.8,567.1,998.1,275.2,318.7,913.0,409.7,497.9,655.5,876.7,507.6,736.4,881.6,591.1,837.8,451.1,956.4,425.7,877.2,523.3,947.2,193.7,871.0,449.2,0.0,0.0,0.0,0.0,0.0,0.0,0.0,0.0,0.0,0.0,0.0,0.0,0.0,0.0,0.0,0.0,0.0,0.0,0.0,0.0,0.0,0.0,0.0,0.0,0.0,0.0,0.0,0.0,0.0,0.0,0.0,0.0,0.0,0.0,0.0,0.0,0.0,0.0,0.0,0.0,0.0,0.0,0.0,0.0,0.0,0.0,0.0,0.0,0.0,0.0,0.0,0.0,0.0,0.0,0.0,0.0,0.0,0.0,0.0,0.0,0.0,0.0,0.0,0.0,0.0,0.0,0.0,0.0,0.0,0.0
249.9,453.0,581.3,808.8,216.4,1108.7,422.0,374.3,362.8,961.0,815.5,335.7,1175.9,189.8,178.1,769.0,614.8,129.3,665.0,464.5,316.1,869.1,780.2,415.5,322.2,854.2,437.3,366.4,884.5,380.4,263.8,303.8,549.5,637.9,761.3,676.3,1187.3,198.2,672.0,855.9,452.9,695.1,616.9,567.4,707.9,786.7,837.2,316.6,820.2,459.9,1069.5,905.7,216.7,738.7,352.2,570.8,123.8,647.2,1279.0,711.4,599.8,728.7,772.4,0.0,0.0,0.0,0.0,0.0,0.0,0.0,0.0,0.0,0.0,0.0,0.0,0.0,0.0,0.0,0.0,0.0,0.0,0.0,0.0,0.0,0.0,0.0,0.0,0.0,0.0,0.0,0.0,0.0,0.0,0.0,0.0,0.0,0.0,0.0,0.0,0.0,0.0,0.0,0.0,0.0,0.0,0.0,0.0,0.0,0.0,0.0,0.0,0.0,0.0,0.0,0.0,0.0,0.0,0.0,0.0,0.0,0.0,0.0,0.0,0.0,0.0,0.0,0.0,0.0,0.0,0.0,0.0,0.0
935.7,832.6,965.7,526.2,793.5,500.8,1001.2,953.5,942.0,163.0,638.2,732.2,482.9,998.9,987.2,504.2,557.6,928.7,1088.7,801.3,1125.2,289.0,500.9,752.3,1131.3,273.7,763.8,1175.5,163.6,838.8,1072.9,1112.9,991.4,1051.5,482.0,619.1,494.3,1007.3,200.3,365.3,1032.1,319.9,303.9,947.0,207.9,296.1,561.8,910.7,22.2,786.4,461.6,212.3,893.5,357.4,990.4,388.2,932.9,429.6,547.7,593.9,920.3,315.7,534.0,809.1,0.0,0.0,0.0,0.0,0.0,0.0,0.0,0.0,0.0,0.0,0.0,0.0,0.0,0.0,0.0,0.0,0.0,0.0,0.0,0.0,0.0,0.0,0.0,0.0,0.0,0.0,0.0,0.0,0.0,0.0,0.0,0.0,0.0,0.0,0.0,0.0,0.0,0.0,0.0,0.0,0.0,0.0,0.0,0.0,0.0,0.0,0.0,0.0,0.0,0.0,0.0,0.0,0.0,0.0,0.0,0.0,0.0,0.0,0.0,0.0,0.0,0.0,0.0,0.0,0.0,0.0,0.0,0.0
235.4,213.9,330.3,664.2,250.0,964.1,244.3,196.6,185.1,989.1,871.5,151.1,1031.3,314.7,359.8,825.0,489.9,330.4,416.6,231.9,513.9,744.2,836.2,272.7,455.0,898.9,292.7,563.9,912.6,134.8,521.1,561.1,298.5,386.9,817.3,551.4,1042.7,457.1,700.1,731.0,275.2,751.1,672.9,328.3,697.3,661.8,692.6,144.1,848.3,315.3,924.9,780.8,197.3,613.8,229.8,626.8,411.8,522.3,1135.7,767.4,421.6,603.8,828.4,288.0,826.1,0.0,0.0,0.0,0.0,0.0,0.0,0.0,0.0,0.0,0.0,0.0,0.0,0.0,0.0,0.0,0.0,0.0,0.0,0.0,0.0,0.0,0.0,0.0,0.0,0.0,0.0,0.0,0.0,0.0,0.0,0.0,0.0,0.0,0.0,0.0,0.0,0.0,0.0,0.0,0.0,0.0,0.0,0.0,0.0,0.0,0.0,0.0,0.0,0.0,0.0,0.0,0.0,0.0,0.0,0.0,0.0,0.0,0.0,0.0,0.0,0.0,0.0,0.0,0.0,0.0,0.0,0.0
710.8,607.7,740.8,311.0,696.2,504.3,776.3,728.6,717.1,410.8,606.5,507.3,477.6,790.1,835.2,472.5,332.7,812.6,873.5,576.4,1027.9,132.5,469.2,527.4,955.8,311.3,538.9,1078.2,331.2,613.9,975.6,1015.6,771.9,836.3,450.3,394.2,489.0,910.0,143.9,128.4,807.2,302.6,251.5,722.1,120.3,59.2,346.6,685.8,270.5,561.5,465.1,169.1,672.7,132.5,765.5,336.2,835.6,204.7,542.4,615.4,695.4,67.7,502.3,711.8,248.3,611.2,0.0,0.0,0.0,0.0,0.0,0.0,0.0,0.0,0.0,0.0,0.0,0.0,0.0,0.0,0.0,0.0,0.0,0.0,0.0,0.0,0.0,0.0,0.0,0.0,0.0,0.0,0.0,0.0,0.0,0.0,0.0,0.0,0.0,0.0,0.0,0.0,0.0,0.0,0.0,0.0,0.0,0.0,0.0,0.0,0.0,0.0,0.0,0.0,0.0,0.0,0.0,0.0,0.0,0.0,0.0,0.0,0.0,0.0,0.0,0.0,0.0,0.0,0.0,0.0,0.0,0.0
640.9,537.8,670.9,241.1,626.3,558.0,706.4,658.7,647.2,467.5,536.6,437.4,576.8,720.2,765.3,402.6,262.8,742.7,803.6,506.5,958.0,231.7,399.3,457.5,885.9,377.3,469.0,1008.3,391.0,544.0,905.7,945.7,702.0,766.4,380.4,324.3,588.2,840.1,178.5,190.5,737.3,232.7,181.6,652.2,184.8,149.3,276.7,615.9,326.7,491.6,518.8,268.3,602.8,62.6,695.6,266.3,765.7,134.8,641.6,545.5,625.5,91.3,432.4,641.9,304.5,541.3,155.7,0.0,0.0,0.0,0.0,0.0,0.0,0.0,0.0,0.0,0.0,0.0,0.0,0.0,0.0,0.0,0.0,0.0,0.0,0.0,0.0,0.0,0.0,0.0,0.0,0.0,0.0,0.0,0.0,0.0,0.0,0.0,0.0,0.0,0.0,0.0,0.0,0.0,0.0,0.0,0.0,0.0,0.0,0.0,0.0,0.0,0.0,0.0,0.0,0.0,0.0,0.0,0.0,0.0,0.0,0.0,0.0,0.0,0.0,0.0,0.0,0.0,0.0,0.0,0.0,0.0
381.7,193.9,167.0,580.0,390.5,919.1,265.5,265.2,224.7,1093.1,975.5,255.1,999.7,443.4,488.5,929.0,541.0,476.7,253.3,278.5,602.4,848.2,940.2,339.2,543.5,1002.9,339.3,652.4,1016.6,181.4,609.6,649.6,135.2,223.6,921.3,602.5,1011.1,584.6,804.1,770.4,343.8,855.1,776.9,210.0,801.3,765.8,569.4,297.8,952.3,361.9,964.3,884.8,343.6,717.8,330.9,730.8,544.9,626.3,1084.8,871.4,301.7,707.8,932.4,434.3,930.1,221.7,772.2,710.0,0.0,0.0,0.0,0.0,0.0,0.0,0.0,0.0,0.0,0.0,0.0,0.0,0.0,0.0,0.0,0.0,0.0,0.0,0.0,0.0,0.0,0.0,0.0,0.0,0.0,0.0,0.0,0.0,0.0,0.0,0.0,0.0,0.0,0.0,0.0,0.0,0.0,0.0,0.0,0.0,0.0,0.0,0.0,0.0,0.0,0.0,0.0,0.0,0.0,0.0,0.0,0.0,0.0,0.0,0.0,0.0,0.0,0.0,0.0,0.0,0.0,0.0,0.0,0.0
392.3,676.2,795.1,1091.1,640.0,1391.0,614.9,544.7,579.5,1393.2,1277.4,555.2,1458.2,422.8,467.9,1230.9,894.0,567.8,722.2,694.2,395.6,1148.3,1242.1,697.8,336.7,1303.0,719.6,445.6,1316.7,597.1,402.8,442.8,766.2,762.9,1223.2,955.5,1469.6,377.8,1104.2,1135.1,623.3,1157.0,1078.8,790.6,1101.4,1065.9,1119.5,468.2,1252.4,742.2,1351.8,1184.9,479.5,1017.9,450.9,1032.7,524.3,926.4,1558.2,1173.3,882.1,1007.9,1234.3,617.5,1230.2,544.9,1072.3,1010.1,685.9,0.0,0.0,0.0,0.0,0.0,0.0,0.0,0.0,0.0,0.0,0.0,0.0,0.0,0.0,0.0,0.0,0.0,0.0,0.0,0.0,0.0,0.0,0.0,0.0,0.0,0.0,0.0,0.0,0.0,0.0,0.0,0.0,0.0,0.0,0.0,0.0,0.0,0.0,0.0,0.0,0.0,0.0,0.0,0.0,0.0,0.0,0.0,0.0,0.0,0.0,0.0,0.0,0.0,0.0,0.0,0.0,0.0,0.0,0.0,0.0,0.0,0.0,0.0
740.5,637.4,770.5,469.7,583.3,786.6,806.0,758.3,746.8,530.1,566.5,537.0,784.5,788.7,777.0,432.5,355.9,718.5,911.7,606.1,915.0,438.6,429.2,557.1,921.1,417.3,564.8,965.3,453.6,643.6,862.7,902.7,801.6,874.5,410.3,417.4,795.9,797.1,241.1,419.1,836.9,258.2,186.0,751.8,277.0,357.0,505.3,715.5,389.3,587.4,747.4,476.0,683.3,300.9,795.2,190.7,722.7,234.4,849.3,550.6,721.3,299.0,462.3,598.9,367.1,640.9,363.4,301.2,734.0,920.7,0.0,0.0,0.0,0.0,0.0,0.0,0.0,0.0,0.0,0.0,0.0,0.0,0.0,0.0,0.0,0.0,0.0,0.0,0.0,0.0,0.0,0.0,0.0,0.0,0.0,0.0,0.0,0.0,0.0,0.0,0.0,0.0,0.0,0.0,0.0,0.0,0.0,0.0,0.0,0.0,0.0,0.0,0.0,0.0,0.0,0.0,0.0,0.0,0.0,0.0,0.0,0.0,0.0,0.0,0.0,0.0,0.0,0.0,0.0,0.0,0.0,0.0
195.7,256.5,372.9,652.6,197.6,952.5,266.4,218.7,207.2,954.7,844.6,116.7,1019.7,275.0,320.1,798.1,455.5,297.5,459.2,274.5,523.9,709.8,809.3,259.3,440.7,864.5,281.1,573.9,878.2,177.4,483.0,523.0,341.1,429.5,790.4,517.0,1031.1,417.4,665.7,696.6,297.3,719.9,646.0,370.9,662.9,627.4,681.0,170.7,813.9,303.7,913.3,746.4,157.6,579.4,250.4,599.9,376.5,487.9,1119.7,740.5,443.6,569.4,801.5,255.1,791.7,99.7,633.8,571.6,260.8,375.9,630.3,0.0,0.0,0.0,0.0,0.0,0.0,0.0,0.0,0.0,0.0,0.0,0.0,0.0,0.0,0.0,0.0,0.0,0.0,0.0,0.0,0.0,0.0,0.0,0.0,0.0,0.0,0.0,0.0,0.0,0.0,0.0,0.0,0.0,0.0,0.0,0.0,0.0,0.0,0.0,0.0,0.0,0.0,0.0,0.0,0.0,0.0,0.0,0.0,0.0,0.0,0.0,0.0,0.0,0.0,0.0,0.0,0.0,0.0,0.0,0.0,0.0
281.6,430.3,552.1,791.6,199.2,1091.5,392.8,345.1,333.6,943.8,798.3,306.5,1158.7,231.2,219.5,751.8,597.6,161.4,635.9,447.3,357.5,851.9,763.0,398.3,363.6,837.0,420.1,407.8,867.3,351.2,305.2,345.2,520.3,608.7,744.1,659.1,1170.1,239.6,654.8,838.7,423.7,677.9,599.7,544.7,690.7,769.5,820.0,297.1,803.0,442.7,1052.3,888.5,177.0,721.5,382.8,553.6,165.2,630.0,1261.8,694.2,582.6,711.5,755.2,41.4,780.8,289.9,775.9,713.7,440.0,408.2,609.4,263.4,0.0,0.0,0.0,0.0,0.0,0.0,0.0,0.0,0.0,0.0,0.0,0.0,0.0,0.0,0.0,0.0,0.0,0.0,0.0,0.0,0.0,0.0,0.0,0.0,0.0,0.0,0.0,0.0,0.0,0.0,0.0,0.0,0.0,0.0,0.0,0.0,0.0,0.0,0.0,0.0,0.0,0.0,0.0,0.0,0.0,0.0,0.0,0.0,0.0,0.0,0.0,0.0,0.0,0.0,0.0,0.0,0.0,0.0,0.0,0.0
949.5,846.4,979.5,540.0,791.2,714.8,1015.0,967.3,955.8,435.2,467.4,746.0,693.6,996.6,984.9,333.4,571.4,926.4,1102.5,815.1,1122.9,343.0,330.1,766.1,1129.0,216.2,777.6,1173.2,320.2,852.6,1070.6,1110.6,1005.2,1065.3,311.2,632.9,705.0,1005.0,247.2,418.2,1045.9,195.3,238.8,960.8,260.8,349.0,575.6,924.5,301.6,800.2,675.6,385.1,891.2,371.2,1004.2,341.2,930.6,443.4,758.4,445.2,934.1,368.6,363.2,806.8,279.4,849.9,302.1,370.8,943.0,1129.7,391.7,819.4,765.4,0.0,0.0,0.0,0.0,0.0,0.0,0.0,0.0,0.0,0.0,0.0,0.0,0.0,0.0,0.0,0.0,0.0,0.0,0.0,0.0,0.0,0.0,0.0,0.0,0.0,0.0,0.0,0.0,0.0,0.0,0.0,0.0,0.0,0.0,0.0,0.0,0.0,0.0,0.0,0.0,0.0,0.0,0.0,0.0,0.0,0.0,0.0,0.0,0.0,0.0,0.0,0.0,0.0,0.0,0.0,0.0,0.0,0.0,0.0
257.6,241.2,357.6,644.3,185.1,944.2,317.5,269.8,258.3,900.7,755.2,108.4,1011.4,336.9,382.0,708.7,447.2,335.2,443.9,259.2,531.7,701.5,719.9,251.0,502.6,793.9,272.8,582.0,824.2,162.1,479.4,519.4,325.8,414.2,701.0,508.7,1022.8,413.8,611.7,688.3,348.4,634.8,556.6,355.6,647.6,619.1,672.7,232.6,759.9,295.4,905.0,738.1,219.5,571.1,312.3,510.5,339.4,479.6,1111.4,651.1,435.3,561.1,712.1,215.6,737.7,152.4,625.5,563.3,245.5,437.8,566.3,127.5,174.2,756.6,0.0,0.0,0.0,0.0,0.0,0.0,0.0,0.0,0.0,0.0,0.0,0.0,0.0,0.0,0.0,0.0,0.0,0.0,0.0,0.0,0.0,0.0,0.0,0.0,0.0,0.0,0.0,0.0,0.0,0.0,0.0,0.0,0.0,0.0,0.0,0.0,0.0,0.0,0.0,0.0,0.0,0.0,0.0,0.0,0.0,0.0,0.0,0.0,0.0,0.0,0.0,0.0,0.0,0.0,0.0,0.0,0.0,0.0
700.7,597.6,730.7,300.9,686.1,544.2,766.2,718.5,707.0,490.5,596.4,497.2,562.4,780.0,825.1,462.4,322.6,802.5,863.4,566.3,1017.8,217.3,459.1,517.3,945.7,396.1,528.8,1068.1,414.0,603.8,965.5,1005.5,761.8,826.2,440.2,384.1,573.8,899.9,194.0,129.3,797.1,292.5,241.4,712.0,170.4,81.2,336.5,675.7,349.7,551.4,505.0,253.9,662.6,122.4,755.4,326.1,825.5,194.6,627.2,605.3,685.3,57.6,492.2,701.7,327.5,601.1,141.3,59.8,694.2,880.9,338.4,570.6,660.3,402.9,542.0,0.0,0.0,0.0,0.0,0.0,0.0,0.0,0.0,0.0,0.0,0.0,0.0,0.0,0.0,0.0,0.0,0.0,0.0,0.0,0.0,0.0,0.0,0.0,0.0,0.0,0.0,0.0,0.0,0.0,0.0,0.0,0.0,0.0,0.0,0.0,0.0,0.0,0.0,0.0,0.0,0.0,0.0,0.0,0.0,0.0,0.0,0.0,0.0,0.0,0.0,0.0,0.0,0.0,0.0,0.0,0.0,0.0
222.1,211.3,327.7,609.7,228.0,909.6,287.6,239.9,228.4,911.8,807.0,73.8,976.8,301.4,346.5,760.5,412.6,323.9,414.0,229.3,550.3,666.9,771.7,216.4,467.1,821.6,238.2,600.3,835.3,132.2,509.4,549.4,295.9,384.3,752.8,474.1,988.2,443.8,622.8,653.7,318.5,677.0,614.6,325.7,620.0,584.5,638.1,197.1,771.0,260.8,870.4,703.5,184.0,536.5,276.8,573.9,402.8,445.0,1076.8,702.9,400.7,526.5,763.9,279.0,748.8,122.5,590.9,528.7,215.6,402.3,587.4,92.0,237.6,798.8,63.4,560.7,0.0,0.0,0.0,0.0,0.0,0.0,0.0,0.0,0.0,0.0,0.0,0.0,0.0,0.0,0.0,0.0,0.0,0.0,0.0,0.0,0.0,0.0,0.0,0.0,0.0,0.0,0.0,0.0,0.0,0.0,0.0,0.0,0.0,0.0,0.0,0.0,0.0,0.0,0.0,0.0,0.0,0.0,0.0,0.0,0.0,0.0,0.0,0.0,0.0,0.0,0.0,0.0,0.0,0.0,0.0,0.0
111.9,418.6,540.4,839.3,375.8,1139.2,357.3,287.1,321.9,1141.4,1013.2,303.4,1206.4,107.0,152.1,966.7,642.2,252.0,503.3,436.6,358.8,896.5,977.9,446.0,253.0,1051.2,467.8,408.8,1064.9,339.5,315.0,355.0,508.6,544.0,959.0,703.7,1217.8,249.4,852.4,883.3,365.7,892.8,814.6,533.0,849.6,814.1,867.7,216.4,1000.6,490.4,1100.0,933.1,208.9,766.1,193.3,768.5,208.5,674.6,1306.4,909.1,626.3,756.1,970.1,302.7,978.4,293.1,820.5,758.3,428.3,277.0,817.0,260.3,294.7,1014.6,276.1,790.3,302.1,0.0,0.0,0.0,0.0,0.0,0.0,0.0,0.0,0.0,0.0,0.0,0.0,0.0,0.0,0.0,0.0,0.0,0.0,0.0,0.0,0.0,0.0,0.0,0.0,0.0,0.0,0.0,0.0,0.0,0.0,0.0,0.0,0.0,0.0,0.0,0.0,0.0,0.0,0.0,0.0,0.0,0.0,0.0,0.0,0.0,0.0,0.0,0.0,0.0,0.0,0.0,0.0,0.0,0.0,0.0
894.0,790.9,924.0,485.9,730.1,782.1,959.5,911.8,900.3,442.0,325.2,690.5,743.7,935.5,923.8,191.2,517.3,865.3,1046.2,759.6,1061.8,410.3,187.9,710.6,1067.9,276.3,722.1,1112.1,362.6,797.1,1009.5,1049.5,948.9,1009.0,169.0,578.8,755.1,943.9,239.8,433.1,990.4,141.2,184.7,905.3,275.7,363.9,521.5,869.0,368.9,728.7,742.9,452.4,830.1,317.1,948.7,291.7,869.5,389.3,808.5,334.1,863.3,315.2,221.0,745.7,346.7,794.4,369.4,317.4,887.5,1074.2,342.2,763.9,704.3,220.0,735.3,349.4,671.9,961.7,0.0,0.0,0.0,0.0,0.0,0.0,0.0,0.0,0.0,0.0,0.0,0.0,0.0,0.0,0.0,0.0,0.0,0.0,0.0,0.0,0.0,0.0,0.0,0.0,0.0,0.0,0.0,0.0,0.0,0.0,0.0,0.0,0.0,0.0,0.0,0.0,0.0,0.0,0.0,0.0,0.0,0.0,0.0,0.0,0.0,0.0,0.0,0.0,0.0,0.0,0.0,0.0,0.0,0.0
404.7,660.1,775.4,1108.7,516.3,1408.6,598.8,528.6,563.4,1260.9,1115.4,596.2,1475.8,359.9,309.2,1068.9,914.7,385.7,702.5,678.1,222.0,1169.0,1080.1,715.4,239.1,1154.1,737.2,274.2,1184.4,581.0,157.8,173.7,750.1,743.2,1061.2,976.2,1487.2,162.0,971.9,1155.8,607.2,995.0,916.8,774.5,1007.8,1086.6,1137.1,509.2,1120.1,759.8,1369.4,1205.6,501.7,1038.6,456.2,870.7,369.7,947.1,1578.9,1011.3,867.8,1028.6,1072.3,388.2,1097.9,574.6,1093.0,1030.8,669.8,272.7,926.5,553.1,380.2,1116.8,568.9,1062.8,594.9,397.3,1064.6,0.0,0.0,0.0,0.0,0.0,0.0,0.0,0.0,0.0,0.0,0.0,0.0,0.0,0.0,0.0,0.0,0.0,0.0,0.0,0.0,0.0,0.0,0.0,0.0,0.0,0.0,0.0,0.0,0.0,0.0,0.0,0.0,0.0,0.0,0.0,0.0,0.0,0.0,0.0,0.0,0.0,0.0,0.0,0.0,0.0,0.0,0.0,0.0,0.0,0.0,0.0,0.0,0.0
116.2,422.9,544.7,843.6,362.9,1143.5,361.6,291.4,326.2,1118.0,972.5,307.7,1210.7,35.4,128.5,926.0,646.5,162.5,507.6,440.9,343.7,900.8,937.2,450.3,289.7,1011.2,472.1,394.0,1041.5,343.8,291.4,331.4,512.9,548.3,918.3,708.0,1222.1,225.8,829.0,887.6,370.0,852.1,773.9,537.3,853.9,818.4,872.0,220.7,977.2,494.7,1104.3,937.4,209.6,770.4,197.6,727.8,137.9,678.9,1310.7,868.4,630.6,760.4,929.4,245.3,955.0,297.4,824.8,762.6,432.6,293.2,783.6,264.6,237.3,973.9,280.4,794.6,306.4,104.9,921.7,357.6,0.0,0.0,0.0,0.0,0.0,0.0,0.0,0.0,0.0,0.0,0.0,0.0,0.0,0.0,0.0,0.0,0.0,0.0,0.0,0.0,0.0,0.0,0.0,0.0,0.0,0.0,0.0,0.0,0.0,0.0,0.0,0.0,0.0,0.0,0.0,0.0,0.0,0.0,0.0,0.0,0.0,0.0,0.0,0.0,0.0,0.0,0.0,0.0,0.0,0.0,0.0,0.0
199.3,241.0,357.4,637.1,189.3,937.0,270.0,222.3,210.8,939.2,829.1,101.2,1004.2,278.6,323.7,782.6,440.0,301.1,443.7,259.0,527.5,694.3,793.8,243.8,444.3,849.0,265.6,577.5,862.7,161.9,486.6,526.6,325.6,414.0,774.9,501.5,1015.6,421.0,650.2,681.1,300.9,704.4,630.5,355.4,647.4,611.9,665.5,174.3,798.4,288.2,897.8,730.9,161.2,563.9,254.0,584.4,380.1,472.4,1104.2,725.0,428.1,553.9,786.0,258.7,776.2,101.6,618.3,556.1,245.3,379.5,614.8,58.1,217.3,826.2,73.9,588.1,99.9,267.0,769.7,552.8,275.5,0.0,0.0,0.0,0.0,0.0,0.0,0.0,0.0,0.0,0.0,0.0,0.0,0.0,0.0,0.0,0.0,0.0,0.0,0.0,0.0,0.0,0.0,0.0,0.0,0.0,0.0,0.0,0.0,0.0,0.0,0.0,0.0,0.0,0.0,0.0,0.0,0.0,0.0,0.0,0.0,0.0,0.0,0.0,0.0,0.0,0.0,0.0,0.0,0.0,0.0,0.0
510.0,406.9,540.0,500.9,386.3,800.8,575.5,527.8,516.3,740.5,595.0,306.5,868.0,589.3,580.0,548.5,278.0,521.5,699.9,375.6,718.0,538.4,559.7,326.6,724.1,633.7,348.4,768.3,664.0,413.1,665.7,705.7,571.1,662.7,540.8,339.5,879.4,600.1,451.5,525.2,606.4,474.6,396.4,521.3,487.4,456.0,521.0,485.0,599.7,371.0,761.6,575.0,471.9,408.0,564.7,350.3,525.7,316.5,948.3,490.9,510.9,398.0,551.9,401.9,577.5,410.4,462.4,400.2,503.5,690.2,406.1,379.9,360.5,596.4,351.3,432.2,287.9,577.7,544.2,731.9,581.1,391.0,0.0,0.0,0.0,0.0,0.0,0.0,0.0,0.0,0.0,0.0,0.0,0.0,0.0,0.0,0.0,0.0,0.0,0.0,0.0,0.0,0.0,0.0,0.0,0.0,0.0,0.0,0.0,0.0,0.0,0.0,0.0,0.0,0.0,0.0,0.0,0.0,0.0,0.0,0.0,0.0,0.0,0.0,0.0,0.0,0.0,0.0,0.0,0.0,0.0,0.0
1032.3,854.2,850.0,401.3,1017.7,82.7,1025.8,978.1,966.6,566.5,980.9,828.8,163.3,1111.6,1156.7,867.3,632.8,1134.1,893.8,794.6,1315.3,405.1,864.0,816.4,1256.4,656.9,650.2,1365.3,546.8,853.0,1297.1,1337.1,865.3,925.4,845.1,578.7,174.7,1231.5,575.0,391.8,1056.7,683.0,661.0,830.3,557.8,460.2,436.9,1007.3,431.9,649.3,125.3,331.7,994.2,548.8,1043.8,745.7,1157.1,621.0,267.7,839.1,783.9,505.2,897.1,1033.3,469.6,932.7,437.5,507.4,959.4,1167.3,758.0,902.2,991.9,678.5,873.6,520.1,810.2,1100.0,763.3,1363.3,1108.5,913.3,701.3,0.0,0.0,0.0,0.0,0.0,0.0,0.0,0.0,0.0,0.0,0.0,0.0,0.0,0.0,0.0,0.0,0.0,0.0,0.0,0.0,0.0,0.0,0.0,0.0,0.0,0.0,0.0,0.0,0.0,0.0,0.0,0.0,0.0,0.0,0.0,0.0,0.0,0.0,0.0,0.0,0.0,0.0,0.0,0.0,0.0,0.0,0.0,0.0,0.0
406.6,666.8,782.1,1110.6,518.2,1410.5,605.5,535.3,570.1,1262.8,1117.3,598.1,1477.7,361.8,311.1,1070.8,916.6,387.6,709.2,684.8,228.7,1170.9,1082.0,717.3,245.8,1156.0,739.1,280.9,1186.3,587.7,164.5,180.4,756.8,749.9,1063.1,978.1,1489.1,168.7,973.8,1157.7,613.9,996.9,918.7,781.2,1009.7,1088.5,1139.0,511.1,1122.0,761.7,1371.3,1207.5,503.6,1040.5,462.9,872.6,371.6,949.0,1580.8,1013.2,874.5,1030.5,1074.2,390.1,1099.8,581.3,1094.9,1032.7,676.5,279.4,928.4,555.0,382.1,1118.7,570.8,1064.7,596.8,399.2,1066.5,59.8,358.7,515.6,756.2,1327.8,0.0,0.0,0.0,0.0,0.0,0.0,0.0,0.0,0.0,0.0,0.0,0.0,0.0,0.0,0.0,0.0,0.0,0.0,0.0,0.0,0.0,0.0,0.0,0.0,0.0,0.0,0.0,0.0,0.0,0.0,0.0,0.0,0.0,0.0,0.0,0.0,0.0,0.0,0.0,0.0,0.0,0.0,0.0,0.0,0.0,0.0,0.0,0.0
1229.8,1036.9,936.4,620.9,1215.2,742.8,1249.0,1201.3,1189.8,1009.9,1285.5,1026.3,823.4,1309.1,1354.2,1181.0,913.9,1331.6,949.3,1017.8,1538.5,727.8,1177.7,1039.6,1474.8,993.6,873.4,1588.5,990.2,1076.2,1494.6,1534.6,951.7,974.7,1158.8,893.2,834.8,1429.0,897.7,725.4,1266.2,1005.7,960.0,916.7,880.5,782.9,610.3,1204.8,875.3,872.5,816.8,866.2,1191.7,847.8,1267.0,1044.7,1354.6,920.0,908.5,1181.4,930.5,827.9,1210.8,1230.8,913.0,1130.2,760.2,830.1,1053.1,1390.5,1057.0,1099.7,1189.4,1001.2,1071.1,842.8,1007.7,1297.5,1076.4,1560.8,1306.0,1110.8,898.8,773.3,1565.7,0.0,0.0,0.0,0.0,0.0,0.0,0.0,0.0,0.0,0.0,0.0,0.0,0.0,0.0,0.0,0.0,0.0,0.0,0.0,0.0,0.0,0.0,0.0,0.0,0.0,0.0,0.0,0.0,0.0,0.0,0.0,0.0,0.0,0.0,0.0,0.0,0.0,0.0,0.0,0.0,0.0,0.0,0.0,0.0,0.0,0.0,0.0
1287.7,1105.0,1004.5,689.0,1273.1,810.9,1306.9,1244.6,1247.7,1027.0,1343.4,1084.2,891.5,1367.0,1412.1,1249.1,971.8,1389.5,975.2,1075.7,1584.7,795.9,1245.8,1097.5,1525.8,1061.7,931.3,1634.7,1007.3,1134.1,1552.5,1592.5,1019.8,1000.6,1226.9,961.3,902.9,1486.9,965.8,793.5,1292.1,1073.8,1028.1,984.8,948.6,851.0,678.4,1262.7,892.4,930.4,834.0,934.3,1249.6,915.9,1324.9,1112.8,1412.5,988.1,976.6,1239.3,998.6,896.0,1278.9,1288.7,930.1,1188.1,828.3,898.2,1114.6,1436.7,1125.1,1157.6,1247.3,1069.3,1129.0,910.9,1065.6,1355.4,1144.5,1618.7,1363.9,1168.7,956.7,790.5,1623.6,150.7,0.0,0.0,0.0,0.0,0.0,0.0,0.0,0.0,0.0,0.0,0.0,0.0,0.0,0.0,0.0,0.0,0.0,0.0,0.0,0.0,0.0,0.0,0.0,0.0,0.0,0.0,0.0,0.0,0.0,0.0,0.0,0.0,0.0,0.0,0.0,0.0,0.0,0.0,0.0,0.0,0.0,0.0,0.0,0.0,0.0,0.0
1062.1,879.6,779.1,608.3,1047.5,918.0,1051.7,988.0,1014.2,1185.1,1117.8,858.6,998.6,1141.4,1186.5,1071.3,746.2,1163.9,718.6,850.1,1328.1,912.2,1082.5,871.9,1269.2,1143.1,705.7,1378.1,1156.8,908.5,1326.9,1366.9,794.4,744.0,1063.6,807.7,1010.0,1261.3,944.3,798.7,1035.5,998.5,947.4,759.4,948.8,853.2,597.7,1037.1,1050.5,704.8,992.0,1032.3,1024.0,835.2,1099.3,902.5,1186.9,779.9,1083.7,1013.7,773.2,855.3,1074.7,1063.1,1070.3,962.5,919.7,857.5,858.0,1180.1,922.3,932.0,1021.7,1120.3,903.4,889.5,840.0,1129.8,1063.8,1393.1,1138.3,943.1,731.1,948.6,1398.0,581.0,578.8,0.0,0.0,0.0,0.0,0.0,0.0,0.0,0.0,0.0,0.0,0.0,0.0,0.0,0.0,0.0,0.0,0.0,0.0,0.0,0.0,0.0,0.0,0.0,0.0,0.0,0.0,0.0,0.0,0.0,0.0,0.0,0.0,0.0,0.0,0.0,0.0,0.0,0.0,0.0,0.0,0.0,0.0,0.0,0.0,0.0
1185.3,1002.8,896.5,731.5,1170.7,1040.1,1133.2,1069.5,1095.7,1297.4,1241.0,981.8,1120.7,1253.2,1298.3,1194.5,869.4,1287.1,800.1,973.3,1409.6,1025.1,1205.7,995.1,1350.7,1266.3,828.9,1459.6,1277.7,1031.7,1416.8,1456.8,881.2,825.5,1186.8,930.9,1132.1,1384.5,1067.5,921.9,1117.0,1121.7,1070.6,882.6,1072.0,976.4,720.9,1160.3,1162.8,828.0,1104.4,1155.5,1147.2,958.4,1192.3,1025.7,1310.1,903.1,1205.8,1136.9,896.4,978.5,1197.9,1186.3,1193.5,1085.7,1042.9,980.7,939.5,1261.6,1045.5,1055.2,1144.9,1243.5,1026.6,1012.7,963.2,1241.6,1187.0,1475.7,1250.1,1066.3,854.3,1060.9,1485.8,437.5,435.3,289.5,0.0,0.0,0.0,0.0,0.0,0.0,0.0,0.0,0.0,0.0,0.0,0.0,0.0,0.0,0.0,0.0,0.0,0.0,0.0,0.0,0.0,0.0,0.0,0.0,0.0,0.0,0.0,0.0,0.0,0.0,0.0,0.0,0.0,0.0,0.0,0.0,0.0,0.0,0.0,0.0,0.0,0.0,0.0,0.0
1385.5,1203.0,1102.5,867.9,1370.9,989.8,1404.7,1342.4,1345.5,1187.5,1441.2,1182.0,1070.4,1464.8,1509.9,1394.7,1069.6,1487.3,1073.0,1173.5,1682.5,974.8,1405.9,1195.3,1623.6,1240.6,1029.1,1732.5,1167.8,1231.9,1650.3,1690.3,1117.8,1098.4,1387.0,1131.1,1081.8,1584.7,1144.7,972.4,1389.9,1252.7,1207.0,1082.8,1127.5,1029.9,857.3,1360.5,1052.9,1028.2,994.5,1113.2,1347.4,1094.8,1422.7,1225.9,1510.3,1103.3,1155.5,1337.1,1096.6,1074.9,1398.1,1386.5,1090.6,1285.9,1007.2,1077.1,1212.4,1534.5,1245.7,1255.4,1345.1,1248.2,1226.8,1089.8,1163.4,1453.2,1323.4,1716.5,1461.7,1266.5,1054.5,951.0,1721.4,329.6,327.4,640.4,482.2,0.0,0.0,0.0,0.0,0.0,0.0,0.0,0.0,0.0,0.0,0.0,0.0,0.0,0.0,0.0,0.0,0.0,0.0,0.0,0.0,0.0,0.0,0.0,0.0,0.0,0.0,0.0,0.0,0.0,0.0,0.0,0.0,0.0,0.0,0.0,0.0,0.0,0.0,0.0,0.0,0.0,0.0,0.0
1216.8,1034.3,933.8,763.0,1202.2,1002.2,1236.0,1173.7,1176.8,1269.3,1272.5,1013.3,1082.8,1296.1,1341.2,1226.0,900.9,1318.6,904.3,1004.8,1513.8,987.2,1237.2,1026.6,1454.9,1253.0,860.4,1563.8,1249.6,1063.2,1481.6,1521.6,949.1,929.7,1218.3,962.4,1094.2,1416.0,1099.0,953.4,1221.2,1153.2,1102.1,914.1,1103.5,1007.9,752.4,1191.8,1134.7,859.5,1076.2,1125.6,1178.7,989.9,1254.0,1057.2,1341.6,934.6,1167.9,1168.4,927.9,1010.0,1229.4,1217.8,1172.4,1117.2,1019.6,1012.2,1043.7,1365.8,1077.0,1086.7,1176.4,1260.6,1058.1,1044.2,994.7,1284.5,1218.5,1547.8,1293.0,1097.8,885.8,1032.7,1552.7,415.1,429.9,491.4,333.2,541.2,0.0,0.0,0.0,0.0,0.0,0.0,0.0,0.0,0.0,0.0,0.0,0.0,0.0,0.0,0.0,0.0,0.0,0.0,0.0,0.0,0.0,0.0,0.0,0.0,0.0,0.0,0.0,0.0,0.0,0.0,0.0,0.0,0.0,0.0,0.0,0.0,0.0,0.0,0.0,0.0,0.0,0.0
1301.2,1118.7,1018.2,828.5,1286.6,950.4,1320.4,1258.1,1261.2,1155.7,1356.9,1097.7,1031.0,1380.5,1425.6,1310.4,985.3,1403.0,988.7,1089.2,1598.2,935.4,1321.6,1111.0,1539.3,1201.2,944.8,1648.2,1136.0,1147.6,1566.0,1606.0,1033.5,1014.1,1302.7,1046.8,1042.4,1500.4,1105.3,933.0,1305.6,1213.3,1167.6,998.5,1088.1,990.5,817.9,1276.2,1021.1,943.9,962.7,1073.8,1263.1,1055.4,1338.4,1141.6,1426.0,1019.0,1116.1,1252.8,1012.3,1035.5,1313.8,1302.2,1058.8,1201.6,967.8,1037.7,1128.1,1450.2,1161.4,1171.1,1260.8,1208.8,1142.5,1050.4,1079.1,1368.9,1284.0,1632.2,1377.4,1182.2,970.2,919.2,1637.1,290.2,288.0,526.7,368.5,289.6,456.2,0.0,0.0,0.0,0.0,0.0,0.0,0.0,0.0,0.0,0.0,0.0,0.0,0.0,0.0,0.0,0.0,0.0,0.0,0.0,0.0,0.0,0.0,0.0,0.0,0.0,0.0,0.0,0.0,0.0,0.0,0.0,0.0,0.0,0.0,0.0,0.0,0.0,0.0,0.0,0.0,0.0
777.6,574.4,445.5,742.9,810.5,1052.6,682.2,618.5,644.7,1319.7,1252.4,675.1,1133.2,802.2,847.3,1205.9,803.1,896.7,349.1,663.6,958.6,1046.8,1217.1,757.2,899.7,1277.7,583.7,1008.6,1291.4,601.4,965.8,1005.8,430.2,374.5,1198.2,864.6,1144.6,940.8,1078.9,933.3,666.0,1133.1,1082.0,470.9,1083.4,987.8,732.3,717.8,1185.1,582.8,1126.6,1166.9,763.6,969.8,741.3,1037.1,903.7,914.5,1218.3,1148.3,566.8,989.9,1209.3,854.3,1204.9,641.7,1054.3,992.1,488.5,810.6,1056.9,674.5,812.9,1254.9,640.3,1024.1,673.8,790.6,1198.4,1024.7,799.1,685.6,830.0,1083.2,1034.8,885.4,897.2,613.6,744.6,1008.5,801.0,910.0,0.0,0.0,0.0,0.0,0.0,0.0,0.0,0.0,0.0,0.0,0.0,0.0,0.0,0.0,0.0,0.0,0.0,0.0,0.0,0.0,0.0,0.0,0.0,0.0,0.0,0.0,0.0,0.0,0.0,0.0,0.0,0.0,0.0,0.0,0.0,0.0,0.0,0.0,0.0,0.0
1150.4,967.9,850.8,696.6,1135.8,1006.3,1087.5,1023.8,1050.0,1273.4,1206.1,946.9,1086.9,1207.5,1252.6,1159.6,834.5,1252.2,754.4,938.4,1363.9,1000.5,1170.8,960.2,1305.0,1231.4,794.0,1413.9,1245.1,996.8,1371.1,1411.1,835.5,779.8,1151.9,896.0,1098.3,1346.1,1032.6,887.0,1071.3,1086.8,1035.7,847.7,1037.1,941.5,686.0,1123.1,1138.8,793.1,1080.3,1120.6,1112.3,923.5,1146.6,990.8,1275.2,868.2,1172.0,1102.0,861.5,943.6,1163.0,1151.4,1158.6,1047.0,1008.0,945.8,893.8,1215.9,1010.6,1020.3,1110.0,1208.6,991.7,977.8,928.3,1195.9,1152.1,1430.0,1204.4,1031.4,819.4,1036.9,1440.1,564.5,562.3,243.8,270.2,622.3,463.6,511.8,621.3,0.0,0.0,0.0,0.0,0.0,0.0,0.0,0.0,0.0,0.0,0.0,0.0,0.0,0.0,0.0,0.0,0.0,0.0,0.0,0.0,0.0,0.0,0.0,0.0,0.0,0.0,0.0,0.0,0.0,0.0,0.0,0.0,0.0,0.0,0.0,0.0,0.0,0.0,0.0
1150.0,967.5,867.0,696.2,1135.4,1005.9,1139.6,1075.9,1102.1,1273.0,1205.7,946.5,1086.5,1229.3,1274.4,1159.2,834.1,1251.8,806.5,938.0,1416.0,1000.1,1170.4,959.8,1357.1,1231.0,793.6,1466.0,1244.7,996.4,1414.8,1454.8,882.3,831.9,1151.5,895.6,1097.9,1349.2,1032.2,886.6,1123.4,1086.4,1035.3,847.3,1036.7,941.1,685.6,1125.0,1138.4,792.7,1079.9,1120.2,1111.9,923.1,1187.2,990.4,1274.8,867.8,1171.6,1101.6,861.1,943.2,1162.6,1151.0,1158.2,1050.4,1007.6,945.4,945.9,1268.0,1010.2,1019.9,1109.6,1208.2,991.3,977.4,927.9,1217.7,1151.7,1481.0,1226.2,1031.0,819.0,1036.5,1485.9,668.9,666.7,92.5,374.6,726.7,568.0,616.2,673.4,321.1,0.0,0.0,0.0,0.0,0.0,0.0,0.0,0.0,0.0,0.0,0.0,0.0,0.0,0.0,0.0,0.0,0.0,0.0,0.0,0.0,0.0,0.0,0.0,0.0,0.0,0.0,0.0,0.0,0.0,0.0,0.0,0.0,0.0,0.0,0.0,0.0,0.0,0.0
1245.6,1063.1,962.6,791.8,1231.0,983.2,1264.8,1202.5,1205.6,1248.3,1301.3,1042.1,1063.8,1324.9,1370.0,1254.8,929.7,1347.4,933.1,1033.6,1542.6,968.2,1266.0,1055.4,1483.7,1234.0,889.2,1592.6,1228.6,1092.0,1510.4,1550.4,977.9,958.5,1247.1,991.2,1075.2,1444.8,1127.8,965.8,1250.0,1182.0,1130.9,942.9,1120.9,1023.3,781.2,1220.6,1113.7,888.3,1055.3,1106.6,1207.5,1018.7,1282.8,1086.0,1370.4,963.4,1148.9,1197.2,956.7,1038.8,1258.2,1246.6,1151.4,1146.0,1000.6,1041.0,1072.5,1394.6,1105.8,1115.5,1205.2,1241.6,1086.9,1073.0,1023.5,1313.3,1247.3,1576.6,1321.8,1126.6,914.6,1011.8,1581.5,388.4,386.2,431.4,273.2,407.7,396.9,297.2,800.0,394.7,513.5,0.0,0.0,0.0,0.0,0.0,0.0,0.0,0.0,0.0,0.0,0.0,0.0,0.0,0.0,0.0,0.0,0.0,0.0,0.0,0.0,0.0,0.0,0.0,0.0,0.0,0.0,0.0,0.0,0.0,0.0,0.0,0.0,0.0,0.0,0.0,0.0,0.0
734.6,531.4,402.5,759.6,767.5,1069.3,639.2,575.5,601.7,1336.4,1269.7,632.1,1149.9,759.2,804.3,1223.2,809.2,853.7,306.1,620.6,915.6,1063.5,1234.4,714.2,856.7,1294.4,575.3,965.6,1308.1,558.4,922.8,962.8,387.2,331.5,1215.5,870.7,1161.3,897.8,1095.6,950.0,623.0,1149.8,1098.7,427.9,1100.1,1004.5,749.0,674.8,1201.8,574.4,1143.3,1183.6,720.6,986.5,698.3,1054.4,860.7,931.8,1235.0,1165.6,523.8,1006.6,1226.6,811.3,1221.6,598.7,1071.0,1008.8,445.5,767.6,1074.2,631.5,769.9,1271.6,597.3,1040.8,630.8,747.6,1215.1,981.7,756.1,642.6,836.1,1099.9,991.8,905.9,917.7,634.1,765.1,1029.0,821.5,930.5,82.9,711.6,716.2,888.4,0.0,0.0,0.0,0.0,0.0,0.0,0.0,0.0,0.0,0.0,0.0,0.0,0.0,0.0,0.0,0.0,0.0,0.0,0.0,0.0,0.0,0.0,0.0,0.0,0.0,0.0,0.0,0.0,0.0,0.0,0.0,0.0,0.0,0.0,0.0,0.0
1176.4,983.5,883.0,580.5,1161.8,387.1,1195.6,1147.9,1136.4,738.6,1153.0,972.9,467.7,1255.7,1300.8,1059.5,860.5,1278.2,926.8,964.4,1485.1,666.5,1051.3,986.2,1421.4,829.0,820.0,1535.1,718.9,1022.8,1441.2,1481.2,898.3,958.4,1037.3,840.1,479.1,1375.6,755.6,653.2,1226.5,875.2,859.2,863.3,763.2,721.6,569.9,1151.4,604.0,819.1,461.1,636.1,1138.3,807.4,1213.6,943.5,1301.2,879.6,552.8,1011.2,877.1,766.6,1089.3,1177.4,641.7,1076.8,698.9,768.8,999.7,1337.1,955.8,1046.3,1136.0,870.7,1017.7,781.5,954.3,1244.1,955.5,1507.4,1252.6,1057.4,845.4,427.5,1512.3,565.9,641.8,868.1,876.9,788.8,853.0,775.5,878.5,893.4,950.2,847.6,899.0,0.0,0.0,0.0,0.0,0.0,0.0,0.0,0.0,0.0,0.0,0.0,0.0,0.0,0.0,0.0,0.0,0.0,0.0,0.0,0.0,0.0,0.0,0.0,0.0,0.0,0.0,0.0,0.0,0.0,0.0,0.0,0.0,0.0,0.0,0.0
1155.4,972.9,872.4,701.6,1140.8,1011.3,1145.0,1081.3,1107.5,1278.4,1211.1,951.9,1091.9,1234.7,1279.8,1164.6,839.5,1257.2,811.9,943.4,1421.4,1005.5,1175.8,965.2,1362.5,1236.4,799.0,1471.4,1250.1,1001.8,1420.2,1460.2,887.7,837.3,1156.9,901.0,1103.3,1354.6,1037.6,892.0,1128.8,1091.8,1040.7,852.7,1042.1,946.5,691.0,1130.4,1143.8,798.1,1085.3,1125.6,1117.3,928.5,1192.6,995.8,1280.2,873.2,1177.0,1107.0,866.5,948.6,1168.0,1156.4,1163.6,1055.8,1013.0,950.8,951.3,1273.4,1015.6,1025.3,1115.0,1213.6,996.7,982.8,933.3,1223.1,1157.1,1486.4,1231.6,1036.4,824.4,1041.9,1491.3,674.3,672.1,207.0,380.0,732.1,573.4,621.6,678.8,326.5,281.9,516.2,699.3,965.3,0.0,0.0,0.0,0.0,0.0,0.0,0.0,0.0,0.0,0.0,0.0,0.0,0.0,0.0,0.0,0.0,0.0,0.0,0.0,0.0,0.0,0.0,0.0,0.0,0.0,0.0,0.0,0.0,0.0,0.0,0.0,0.0,0.0,0.0
702.6,506.4,377.5,650.2,742.5,959.9,607.2,543.5,576.7,1227.0,1165.7,607.1,1040.5,727.2,772.3,1119.2,710.4,828.7,281.1,595.6,883.6,954.1,1130.4,636.7,824.7,1185.0,470.5,933.6,1198.7,533.4,890.8,930.8,362.2,306.5,1111.5,771.9,1051.9,865.8,986.2,840.6,591.0,1040.4,989.3,402.9,990.7,895.1,639.6,649.8,1092.4,469.6,1033.9,1074.2,695.6,877.1,666.3,950.4,828.7,827.8,1125.6,1061.6,498.8,897.2,1122.6,786.3,1112.2,573.7,961.6,899.4,420.5,735.6,970.2,606.5,744.9,1162.2,572.3,931.4,605.8,715.6,1105.7,949.7,724.1,617.6,737.3,990.5,959.8,798.7,810.5,526.9,657.9,921.8,714.3,823.3,230.3,604.4,609.0,781.2,250.8,884.5,609.2,0.0,0.0,0.0,0.0,0.0,0.0,0.0,0.0,0.0,0.0,0.0,0.0,0.0,0.0,0.0,0.0,0.0,0.0,0.0,0.0,0.0,0.0,0.0,0.0,0.0,0.0,0.0,0.0,0.0,0.0,0.0,0.0,0.0
1337.1,1154.4,1053.9,738.4,1322.5,832.8,1356.3,1294.0,1297.1,986.6,1392.8,1133.6,900.0,1416.4,1461.5,1298.5,1021.2,1438.9,1024.6,1125.1,1634.1,845.3,1295.2,1146.9,1575.2,1077.0,980.7,1684.1,966.9,1183.5,1601.9,1641.9,1069.2,1050.0,1276.3,1010.7,911.4,1536.3,1003.6,842.9,1341.5,1123.2,1077.5,1034.2,998.0,900.4,727.8,1312.1,852.0,979.8,793.6,983.7,1299.0,965.3,1374.3,1162.2,1461.9,1037.5,1004.4,1259.2,1048.0,945.4,1328.3,1338.1,889.7,1237.5,877.7,947.6,1164.0,1486.1,1174.5,1207.0,1296.7,1118.7,1178.4,960.3,1115.0,1404.8,1193.9,1668.1,1413.3,1218.1,1006.1,750.1,1673.0,200.1,128.5,623.1,464.9,356.6,492.1,333.2,891.5,586.4,705.2,444.4,912.0,620.4,705.4,875.8,0.0,0.0,0.0,0.0,0.0,0.0,0.0,0.0,0.0,0.0,0.0,0.0,0.0,0.0,0.0,0.0,0.0,0.0,0.0,0.0,0.0,0.0,0.0,0.0,0.0,0.0,0.0,0.0,0.0,0.0,0.0,0.0
684.3,456.6,327.7,576.0,692.7,885.7,567.7,525.2,526.9,1152.8,1117.7,557.3,966.3,708.9,754.0,1071.2,634.4,778.9,231.3,540.7,865.3,879.9,1082.4,562.5,806.4,1110.8,396.3,915.3,1124.5,483.6,872.5,912.5,312.4,256.7,1063.5,695.9,977.7,847.5,912.0,766.4,572.7,966.2,915.1,353.1,916.5,820.9,565.4,600.0,1018.2,395.4,959.7,1000.0,645.8,802.9,648.0,902.4,810.4,772.8,1051.4,1013.6,440.5,823.0,1074.6,736.5,1038.0,523.9,887.4,825.2,370.7,717.3,920.4,556.7,695.1,1088.0,522.5,857.2,568.3,697.3,1031.5,931.4,705.8,567.8,661.3,916.3,941.5,829.6,841.4,557.8,688.8,952.7,745.2,854.2,290.8,635.3,639.9,812.1,311.3,853.2,640.1,168.8,889.8,0.0,0.0,0.0,0.0,0.0,0.0,0.0,0.0,0.0,0.0,0.0,0.0,0.0,0.0,0.0,0.0,0.0,0.0,0.0,0.0,0.0,0.0,0.0,0.0,0.0,0.0,0.0,0.0,0.0,0.0,0.0
996.8,793.6,664.7,744.3,1029.7,1054.0,901.4,837.7,863.9,1321.1,1253.8,878.2,1134.6,1021.4,1066.5,1207.3,838.7,1115.9,568.3,832.0,1177.8,1048.2,1218.5,853.8,1118.9,1279.1,687.6,1227.8,1292.8,820.6,1185.0,1225.0,649.4,593.7,1199.6,900.2,1146.0,1160.0,1080.3,934.7,885.2,1134.5,1083.4,690.1,1084.8,989.2,733.7,937.0,1186.5,686.7,1128.0,1168.3,982.8,971.2,960.5,1038.5,1122.9,915.9,1219.7,1149.7,731.8,991.3,1210.7,1073.5,1206.3,860.9,1055.7,993.5,707.7,1029.8,1058.3,893.7,1032.1,1256.3,859.5,1025.5,859.6,1009.8,1199.8,1243.9,1018.3,904.8,865.6,1084.6,1254.0,625.0,622.8,330.6,461.6,734.1,526.6,635.6,435.2,408.1,412.7,593.5,455.7,980.0,412.9,419.5,671.2,453.7,0.0,0.0,0.0,0.0,0.0,0.0,0.0,0.0,0.0,0.0,0.0,0.0,0.0,0.0,0.0,0.0,0.0,0.0,0.0,0.0,0.0,0.0,0.0,0.0,0.0,0.0,0.0,0.0,0.0,0.0
1120.7,938.2,837.7,666.9,1106.1,976.6,1110.3,1046.6,1072.8,1243.7,1176.4,917.2,1057.2,1200.0,1245.1,1129.9,804.8,1222.5,777.2,908.7,1386.7,970.8,1141.1,930.5,1327.8,1201.7,764.3,1436.7,1215.4,967.1,1385.5,1425.5,853.0,802.6,1122.2,866.3,1068.6,1319.9,1002.9,857.3,1094.1,1057.1,1006.0,818.0,1007.4,911.8,656.3,1095.7,1109.1,763.4,1050.6,1090.9,1082.6,893.8,1157.9,961.1,1245.5,838.5,1142.3,1072.3,831.8,913.9,1133.3,1121.7,1128.9,1021.1,978.3,916.1,916.6,1238.7,980.9,990.6,1080.3,1178.9,962.0,948.1,898.6,1188.4,1122.4,1451.7,1196.9,1001.7,789.7,1007.2,1456.6,639.6,637.4,86.1,345.3,697.4,538.7,586.9,644.1,291.8,125.2,481.5,664.6,930.6,259.3,628.4,685.8,662.6,208.9,0.0,0.0,0.0,0.0,0.0,0.0,0.0,0.0,0.0,0.0,0.0,0.0,0.0,0.0,0.0,0.0,0.0,0.0,0.0,0.0,0.0,0.0,0.0,0.0,0.0,0.0,0.0,0.0,0.0
585.6,375.5,246.6,624.3,619.1,963.4,436.0,372.3,453.3,1230.5,1132.5,483.7,1044.0,610.5,655.6,1086.0,653.3,705.3,147.0,464.7,688.1,928.2,1097.2,558.3,629.2,1159.1,419.4,738.1,1172.8,410.0,695.3,735.3,231.3,187.7,1078.3,714.8,1055.4,670.3,960.3,814.7,419.8,1014.5,963.3,272.0,964.8,869.2,613.7,526.4,1095.9,418.5,1008.6,1048.3,572.2,851.2,529.8,917.2,712.0,791.7,1129.1,1028.4,367.9,871.3,1089.4,662.9,1086.3,450.3,935.7,873.5,297.1,540.1,937.0,483.1,621.5,1136.3,448.9,905.5,482.4,598.9,1079.8,754.2,607.4,494.2,680.2,965.1,764.3,1077.2,1123.6,840.0,971.0,1234.9,1027.4,1136.4,483.1,917.5,922.1,1094.3,457.6,1063.9,922.3,424.8,1172.0,378.9,834.6,899.5,0.0,0.0,0.0,0.0,0.0,0.0,0.0,0.0,0.0,0.0,0.0,0.0,0.0,0.0,0.0,0.0,0.0,0.0,0.0,0.0,0.0,0.0,0.0,0.0,0.0,0.0,0.0,0.0
1296.1,1103.2,1002.7,700.2,1281.5,478.7,1315.3,1267.6,1256.1,858.3,1272.7,1092.6,559.3,1375.4,1420.5,1179.2,980.2,1397.9,1046.5,1084.1,1604.8,786.2,1171.0,1105.9,1541.1,948.7,939.7,1654.8,838.6,1142.5,1560.9,1600.9,1018.0,1078.1,1157.0,959.8,570.7,1495.3,875.3,772.9,1346.2,994.9,978.9,983.0,882.9,841.3,689.6,1271.1,723.7,938.8,552.7,727.7,1258.0,927.1,1333.3,1063.2,1420.9,999.3,644.4,1130.9,996.8,886.3,1209.0,1297.1,761.4,1196.5,818.6,888.5,1119.4,1456.8,1075.5,1166.0,1255.7,990.4,1137.4,901.2,1074.0,1363.8,1075.2,1627.1,1372.3,1177.1,965.1,519.1,1632.0,685.6,725.4,987.8,976.3,861.6,972.7,848.3,998.2,1013.1,1069.9,955.8,1018.7,186.0,1070.1,991.7,693.0,953.5,902.1,1047.3,1141.9,0.0,0.0,0.0,0.0,0.0,0.0,0.0,0.0,0.0,0.0,0.0,0.0,0.0,0.0,0.0,0.0,0.0,0.0,0.0,0.0,0.0,0.0,0.0,0.0,0.0,0.0,0.0
1083.4,900.9,800.4,629.6,1068.8,868.8,1102.6,1040.3,1043.4,1135.9,1139.1,879.9,949.4,1162.7,1207.8,1092.6,767.5,1185.2,770.9,871.4,1380.4,853.8,1103.8,893.2,1321.5,1119.6,727.0,1430.4,1116.2,929.8,1348.2,1388.2,815.7,796.3,1084.9,829.0,960.8,1282.6,965.6,820.0,1087.8,1019.8,968.7,780.7,970.1,874.5,619.0,1058.4,1001.3,726.1,942.8,992.2,1045.3,856.5,1120.6,923.8,1208.2,801.2,1034.5,1035.0,794.5,876.6,1096.0,1084.4,1039.0,983.8,886.2,878.8,910.3,1232.4,943.6,953.3,1043.0,1127.2,924.7,910.8,861.3,1151.1,1085.1,1414.4,1159.6,964.4,752.4,899.3,1419.3,281.7,296.5,358.0,199.8,407.8,157.4,309.3,637.8,321.3,440.1,263.7,658.3,724.9,440.3,622.1,344.9,656.3,209.1,417.5,900.6,871.0,0.0,0.0,0.0,0.0,0.0,0.0,0.0,0.0,0.0,0.0,0.0,0.0,0.0,0.0,0.0,0.0,0.0,0.0,0.0,0.0,0.0,0.0,0.0,0.0,0.0,0.0
786.1,582.9,454.0,552.7,819.0,862.4,690.7,627.0,653.2,1129.5,1062.2,667.5,943.0,810.7,855.8,1015.7,647.1,905.2,357.6,621.3,967.1,856.6,1026.9,643.1,908.2,1087.5,476.9,1017.1,1101.2,609.9,974.3,1014.3,438.7,383.0,1008.0,708.6,954.4,949.3,888.7,743.1,674.5,942.9,891.8,479.4,893.2,797.6,542.1,726.3,994.9,476.0,936.4,976.7,772.1,779.6,749.8,846.9,912.2,724.3,1028.1,958.1,521.1,799.7,1019.1,862.8,1014.7,650.2,864.1,801.9,497.0,819.1,866.7,683.0,821.4,1064.7,648.8,833.9,648.9,799.1,1008.2,1033.2,807.6,694.1,674.0,893.0,1043.3,633.4,638.5,346.3,477.3,749.8,542.3,651.3,224.5,423.8,428.4,609.2,245.0,788.4,428.6,208.8,686.9,243.0,340.9,405.8,487.3,934.5,421.7,0.0,0.0,0.0,0.0,0.0,0.0,0.0,0.0,0.0,0.0,0.0,0.0,0.0,0.0,0.0,0.0,0.0,0.0,0.0,0.0,0.0,0.0,0.0,0.0,0.0
1341.7,1159.2,1058.7,777.4,1327.1,899.3,1360.9,1298.6,1301.7,1166.4,1397.4,1138.2,979.9,1421.0,1466.1,1337.5,1025.8,1443.5,1029.2,1129.7,1638.7,884.3,1334.2,1151.5,1579.8,1150.1,985.3,1688.7,1146.7,1188.1,1606.5,1646.5,1074.0,1054.6,1315.3,1049.7,991.3,1540.9,1054.2,881.9,1346.1,1162.2,1116.5,1039.0,1037.0,939.4,766.8,1316.7,1031.8,984.4,973.3,1022.7,1303.6,1004.3,1378.9,1182.1,1466.5,1059.5,1065.0,1293.3,1052.8,984.4,1354.3,1342.7,1069.5,1242.1,916.7,986.6,1168.6,1490.7,1201.9,1211.6,1301.3,1157.7,1183.0,999.3,1119.6,1409.4,1232.9,1672.7,1417.9,1222.7,1010.7,929.8,1677.6,312.2,388.1,627.7,469.5,545.9,445.6,440.4,896.1,591.0,709.8,440.2,916.6,755.4,710.0,880.4,436.5,914.6,467.4,687.2,1158.9,901.5,325.0,671.6,0.0,0.0,0.0,0.0,0.0,0.0,0.0,0.0,0.0,0.0,0.0,0.0,0.0,0.0,0.0,0.0,0.0,0.0,0.0,0.0,0.0,0.0,0.0,0.0
1197.9,1015.4,914.9,744.1,1183.3,1008.9,1217.1,1154.8,1157.9,1274.0,1253.6,994.4,1089.5,1277.2,1322.3,1207.1,882.0,1299.7,885.4,985.9,1494.9,993.9,1218.3,1007.7,1436.0,1259.7,841.5,1544.9,1254.3,1044.3,1462.7,1502.7,930.2,910.8,1199.4,943.5,1100.9,1397.1,1080.1,934.5,1202.3,1134.3,1083.2,895.2,1084.6,989.0,733.5,1172.9,1139.4,840.6,1081.0,1132.3,1159.8,971.0,1235.1,1038.3,1322.7,915.7,1174.6,1149.5,909.0,991.1,1210.5,1198.9,1177.1,1098.3,1026.3,993.3,1024.8,1346.9,1058.1,1067.8,1157.5,1256.1,1039.2,1025.3,975.8,1265.6,1199.6,1528.9,1274.1,1078.9,866.9,1037.5,1533.8,414.1,411.9,383.7,225.5,427.1,349.2,316.6,752.3,347.0,465.8,185.0,772.8,865.0,466.0,736.6,460.3,770.8,323.6,443.2,1015.1,1011.1,228.6,527.8,432.8,0.0,0.0,0.0,0.0,0.0,0.0,0.0,0.0,0.0,0.0,0.0,0.0,0.0,0.0,0.0,0.0,0.0,0.0,0.0,0.0,0.0,0.0,0.0
1185.6,1003.1,902.6,731.8,1171.0,1041.5,1175.2,1111.5,1137.7,1308.6,1241.3,982.1,1122.1,1264.9,1310.0,1194.8,869.7,1287.4,842.1,973.6,1451.6,1035.7,1206.0,995.4,1392.7,1266.6,829.2,1501.6,1280.3,1032.0,1450.4,1490.4,917.9,867.5,1187.1,931.2,1133.5,1384.8,1067.8,922.2,1159.0,1122.0,1070.9,882.9,1072.3,976.7,721.2,1160.6,1174.0,828.3,1115.5,1155.8,1147.5,958.7,1222.8,1026.0,1310.4,903.4,1207.2,1137.2,896.7,978.8,1198.2,1186.6,1193.8,1086.0,1043.2,981.0,981.5,1303.6,1045.8,1055.5,1145.2,1243.8,1026.9,1013.0,963.5,1253.3,1187.3,1516.6,1261.8,1066.6,854.6,1072.1,1521.5,704.5,702.3,237.2,410.2,762.3,603.6,651.8,709.0,356.7,312.1,546.4,729.5,995.5,44.8,693.3,750.7,727.5,273.8,289.5,971.8,1141.6,483.0,515.5,731.0,512.4,0.0,0.0,0.0,0.0,0.0,0.0,0.0,0.0,0.0,0.0,0.0,0.0,0.0,0.0,0.0,0.0,0.0,0.0,0.0,0.0,0.0,0.0
1090.9,898.0,797.5,495.0,1076.3,375.4,1110.1,1062.4,1050.9,653.1,1067.5,887.4,456.0,1170.2,1215.3,974.0,775.0,1192.7,841.3,878.9,1399.6,581.0,965.8,900.7,1335.9,743.5,734.5,1449.6,633.4,937.3,1355.7,1395.7,812.8,872.9,951.8,754.6,467.4,1290.1,670.1,567.7,1141.0,789.7,773.7,777.8,677.7,636.1,484.4,1065.9,518.5,733.6,449.4,624.4,1052.8,721.9,1128.1,858.0,1215.7,794.1,541.1,925.7,791.6,681.1,1003.8,1091.9,556.2,991.3,613.4,683.3,914.2,1251.6,870.3,960.8,1050.5,785.2,932.2,696.0,868.8,1158.6,870.0,1421.9,1167.1,971.9,759.9,415.8,1426.8,480.4,556.3,782.6,791.4,703.3,767.5,690.0,793.0,807.9,864.7,762.1,813.5,151.8,864.9,786.5,554.2,748.3,696.9,842.1,936.7,297.9,646.9,638.6,657.0,763.4,895.2,0.0,0.0,0.0,0.0,0.0,0.0,0.0,0.0,0.0,0.0,0.0,0.0,0.0,0.0,0.0,0.0,0.0,0.0,0.0,0.0,0.0
594.0,501.1,372.2,729.3,737.2,1039.0,498.6,434.9,520.5,1306.1,1258.1,601.8,1119.6,618.6,663.7,1211.6,778.9,763.6,275.8,590.3,775.0,1033.2,1222.8,683.9,716.1,1264.1,545.0,825.0,1277.8,528.1,782.2,822.2,356.9,301.2,1203.9,840.4,1131.0,757.2,1065.3,919.7,482.4,1119.5,1068.4,397.6,1069.8,974.2,718.7,607.5,1171.5,544.1,1113.0,1153.3,653.3,956.2,557.7,1042.8,720.1,917.3,1204.7,1154.0,493.5,976.3,1215.0,744.0,1191.3,568.4,1040.7,978.5,415.2,627.0,1062.6,601.2,702.6,1241.3,567.0,1010.5,600.5,607.0,1184.8,841.1,615.5,605.5,805.8,1069.6,851.2,990.4,1002.2,718.6,849.6,1113.5,906.0,1015.0,361.7,796.1,800.7,972.9,336.2,1037.6,800.9,317.5,1050.6,292.7,713.2,778.1,405.5,1183.7,785.4,442.4,1030.9,938.9,831.2,983.1,0.0,0.0,0.0,0.0,0.0,0.0,0.0,0.0,0.0,0.0,0.0,0.0,0.0,0.0,0.0,0.0,0.0,0.0,0.0,0.0
1316.1,1133.6,1033.1,798.5,1301.5,877.9,1335.3,1273.0,1276.1,1031.7,1371.8,1112.6,945.1,1395.4,1440.5,1325.3,1000.2,1417.9,1003.6,1104.1,1613.1,905.4,1336.5,1125.9,1554.2,1122.1,959.7,1663.1,1012.0,1162.5,1580.9,1620.9,1048.4,1029.0,1317.6,1061.7,956.5,1515.3,1048.7,903.0,1320.5,1168.3,1137.6,1013.4,1056.3,960.5,787.9,1291.1,897.1,958.8,838.7,1043.8,1278.0,1025.4,1353.3,1156.5,1440.9,1033.9,1049.5,1267.7,1027.2,1005.5,1328.7,1317.1,934.8,1216.5,937.8,1007.7,1143.0,1465.1,1176.3,1186.0,1275.7,1163.8,1157.4,1020.4,1094.0,1383.8,1254.0,1647.1,1392.3,1197.1,985.1,795.2,1652.0,260.2,195.5,602.1,443.9,231.3,471.1,283.3,870.5,565.4,684.2,399.4,891.0,665.5,684.4,854.8,233.6,889.0,441.8,661.6,1133.3,811.6,350.5,646.0,461.0,400.7,714.7,611.0,967.6,0.0,0.0,0.0,0.0,0.0,0.0,0.0,0.0,0.0,0.0,0.0,0.0,0.0,0.0,0.0,0.0,0.0,0.0,0.0
1012.1,819.2,718.7,441.0,997.5,186.6,1031.3,983.6,972.1,696.1,1067.8,808.6,267.2,1091.4,1136.5,996.9,696.2,1113.9,762.5,800.1,1320.8,534.7,993.6,821.9,1257.1,786.5,655.7,1370.8,676.4,858.5,1276.9,1316.9,734.0,794.1,974.7,708.3,278.6,1211.3,704.6,521.4,1062.2,812.6,790.6,699.0,687.4,589.8,430.4,987.1,561.5,654.8,260.6,435.6,974.0,678.4,1049.3,852.5,1136.9,729.9,352.3,963.7,712.8,634.8,1024.7,1013.1,599.2,912.5,567.1,637.0,835.4,1172.8,872.3,882.0,971.7,808.1,853.4,649.7,790.0,1079.8,892.9,1343.1,1088.3,893.1,681.1,227.0,1348.0,612.5,688.4,810.8,869.4,867.0,866.4,843.6,844.7,836.1,892.9,894.2,865.2,255.9,893.1,829.0,736.8,743.5,725.1,870.3,857.9,374.0,745.8,695.5,789.1,895.5,923.4,195.8,900.4,746.4,0.0,0.0,0.0,0.0,0.0,0.0,0.0,0.0,0.0,0.0,0.0,0.0,0.0,0.0,0.0,0.0,0.0,0.0
1152.3,969.8,852.7,698.5,1137.7,1008.2,1089.4,1025.7,1051.9,1275.3,1208.0,948.8,1088.8,1209.4,1254.5,1161.5,836.4,1254.1,756.3,940.3,1365.8,1002.4,1172.7,962.1,1306.9,1233.3,795.9,1415.8,1247.0,998.7,1373.0,1413.0,837.4,781.7,1153.8,897.9,1100.2,1348.0,1034.5,888.9,1073.2,1088.7,1037.6,849.6,1039.0,943.4,687.9,1125.0,1140.7,795.0,1082.2,1122.5,1114.2,925.4,1148.5,992.7,1277.1,870.1,1173.9,1103.9,863.4,945.5,1164.9,1153.3,1160.5,1048.9,1009.9,947.7,895.7,1217.8,1012.5,1022.2,1111.9,1210.5,993.6,979.7,930.2,1197.8,1154.0,1431.9,1206.3,1033.3,821.3,1038.8,1442.0,431.4,429.2,245.7,82.5,489.2,330.5,378.7,623.2,209.0,327.8,273.3,643.7,890.1,328.0,607.5,477.6,641.7,188.0,305.2,886.0,1036.2,209.9,465.0,457.9,239.3,358.3,835.6,720.3,467.8,927.1,0.0,0.0,0.0,0.0,0.0,0.0,0.0,0.0,0.0,0.0,0.0,0.0,0.0,0.0,0.0,0.0,0.0
1291.6,1098.7,998.2,682.7,1277.0,804.6,1310.8,1263.1,1251.6,1071.7,1347.3,1088.1,885.2,1370.9,1416.0,1242.8,975.7,1393.4,996.5,1079.6,1600.3,789.6,1239.5,1101.4,1536.6,1055.4,935.2,1650.3,1052.0,1138.0,1556.4,1596.4,1013.5,1021.9,1220.6,955.0,896.6,1490.8,959.5,787.2,1313.4,1067.5,1021.8,978.5,942.3,844.7,672.1,1266.6,937.1,934.3,878.6,928.0,1253.5,909.6,1328.8,1106.5,1416.4,981.8,970.3,1243.2,992.3,889.7,1272.6,1292.6,974.8,1192.0,822.0,891.9,1114.9,1452.3,1118.8,1161.5,1251.2,1063.0,1132.9,904.6,1069.5,1359.3,1138.2,1622.6,1367.8,1172.6,960.6,835.1,1627.5,273.9,349.8,595.0,436.8,513.2,412.9,407.7,863.4,558.3,677.1,407.5,883.9,660.7,677.3,847.7,398.2,881.9,434.7,654.5,1126.2,806.8,292.3,638.9,105.7,408.8,707.6,606.2,960.5,440.5,697.7,436.9,0.0,0.0,0.0,0.0,0.0,0.0,0.0,0.0,0.0,0.0,0.0,0.0,0.0,0.0,0.0,0.0
1244.6,1062.1,961.6,790.8,1230.0,943.9,1263.8,1201.5,1204.6,1149.2,1300.3,1041.1,1024.5,1323.9,1369.0,1253.8,928.7,1346.4,932.1,1032.6,1541.6,928.9,1265.0,1054.4,1482.7,1194.7,888.2,1591.6,1129.5,1091.0,1509.4,1549.4,976.9,957.5,1246.1,990.2,1035.9,1443.8,1098.8,926.5,1249.0,1181.0,1129.9,941.9,1081.6,984.0,780.2,1219.6,1014.6,887.3,956.2,1067.3,1206.5,1017.7,1281.8,1085.0,1369.4,962.4,1109.6,1196.2,955.7,1029.0,1257.2,1245.6,1052.3,1145.0,961.3,1031.2,1071.5,1393.6,1104.8,1114.5,1204.2,1202.3,1085.9,1043.9,1022.5,1312.3,1246.3,1575.6,1320.8,1125.6,913.6,912.7,1580.5,283.7,281.5,502.0,343.8,283.1,399.6,55.3,799.0,465.3,584.1,276.7,819.5,783.0,584.3,783.3,329.9,817.5,370.3,561.5,1061.8,929.1,279.0,574.5,381.9,278.0,614.6,728.5,896.1,265.0,820.0,343.9,351.7,0.0,0.0,0.0,0.0,0.0,0.0,0.0,0.0,0.0,0.0,0.0,0.0,0.0,0.0,0.0
1143.7,961.2,860.7,689.9,1129.1,999.6,1133.3,1069.6,1095.8,1266.7,1199.4,940.2,1080.2,1223.0,1268.1,1152.9,827.8,1245.5,800.2,931.7,1409.7,993.8,1164.1,953.5,1350.8,1224.7,787.3,1459.7,1238.4,990.1,1408.5,1448.5,876.0,825.6,1145.2,889.3,1091.6,1342.9,1025.9,880.3,1117.1,1080.1,1029.0,841.0,1030.4,934.8,679.3,1118.7,1132.1,786.4,1073.6,1113.9,1105.6,916.8,1180.9,984.1,1268.5,861.5,1165.3,1095.3,854.8,936.9,1156.3,1144.7,1151.9,1044.1,1001.3,939.1,939.6,1261.7,1003.9,1013.6,1103.3,1201.9,985.0,971.1,921.6,1211.4,1145.4,1474.7,1219.9,1024.7,812.7,1030.2,1479.6,662.6,660.4,194.2,368.3,720.4,561.7,609.9,667.1,314.8,270.2,504.5,687.6,953.6,40.6,651.4,708.8,685.6,231.9,247.6,929.9,1099.7,441.1,473.6,689.1,470.5,70.9,899.1,764.2,699.0,938.8,329.0,658.9,576.7,0.0,0.0,0.0,0.0,0.0,0.0,0.0,0.0,0.0,0.0,0.0,0.0,0.0,0.0
1237.8,1055.3,954.8,784.0,1223.2,951.2,1257.0,1194.7,1197.8,1216.3,1293.5,1034.3,1031.8,1317.1,1362.2,1247.0,921.9,1339.6,925.3,1025.8,1534.8,936.2,1258.2,1047.6,1475.9,1202.0,881.4,1584.8,1196.6,1084.2,1502.6,1542.6,970.1,950.7,1239.3,983.4,1043.2,1437.0,1106.1,933.8,1242.2,1174.2,1123.1,935.1,1088.9,991.3,773.4,1212.8,1081.7,880.5,1023.3,1074.6,1199.7,1010.9,1275.0,1078.2,1362.6,955.6,1116.9,1189.4,948.9,1031.0,1250.4,1238.8,1119.4,1138.2,968.6,1033.2,1064.7,1386.8,1098.0,1107.7,1197.4,1209.6,1079.1,1051.2,1015.7,1305.5,1239.5,1568.8,1314.0,1118.8,906.8,979.8,1573.7,356.4,354.2,440.7,282.5,375.7,392.8,265.2,792.2,404.0,522.8,215.4,812.7,807.3,523.0,776.5,402.6,810.7,363.5,500.2,1055.0,953.4,272.2,567.7,375.1,216.7,553.3,752.8,889.3,357.6,844.3,282.6,344.9,225.7,513.3,0.0,0.0,0.0,0.0,0.0,0.0,0.0,0.0,0.0,0.0,0.0,0.0,0.0
1217.1,1034.6,934.1,725.9,1202.5,847.8,1236.3,1174.0,1177.1,1114.9,1272.8,1013.6,928.4,1296.4,1341.5,1226.3,901.2,1318.9,904.6,1005.1,1514.1,832.8,1237.5,1026.9,1455.2,1098.6,860.7,1564.1,1095.2,1063.5,1481.9,1521.9,949.4,930.0,1218.6,962.7,939.8,1416.3,1002.7,830.4,1221.5,1110.7,1065.0,914.4,985.5,887.9,715.3,1192.1,980.3,859.8,921.8,971.2,1179.0,952.8,1254.3,1057.5,1341.9,934.9,1013.5,1168.7,928.2,932.9,1229.7,1218.1,1018.0,1117.5,865.2,935.1,1044.0,1366.1,1077.3,1087.0,1176.7,1106.2,1058.4,947.8,995.0,1284.8,1181.4,1548.1,1293.3,1098.1,886.1,878.3,1553.0,260.7,324.0,491.7,333.5,435.3,291.1,329.8,771.5,455.0,573.8,329.6,792.0,703.9,574.0,755.8,372.4,790.0,342.8,551.2,1034.3,850.0,170.5,547.0,271.7,330.9,604.3,649.4,868.6,362.6,740.9,333.6,241.5,274.5,564.3,266.4,0.0,0.0,0.0,0.0,0.0,0.0,0.0,0.0,0.0,0.0,0.0,0.0
561.7,371.2,242.3,599.4,607.3,909.1,466.3,402.6,441.5,1176.2,1128.2,471.9,989.7,586.3,631.4,1081.7,649.0,693.5,92.9,460.4,742.7,903.3,1092.9,554.0,683.8,1134.2,415.1,792.7,1147.9,398.2,749.9,789.9,227.0,171.3,1074.0,710.5,1001.1,724.9,935.4,789.8,450.1,989.6,938.5,267.7,939.9,844.3,588.8,514.6,1041.6,414.2,983.1,1023.4,560.4,826.3,525.4,912.9,687.8,787.4,1074.8,1024.1,363.6,846.4,1085.1,651.1,1061.4,438.5,910.8,848.6,285.3,594.7,932.7,471.3,609.7,1111.4,437.1,880.6,470.6,574.7,1054.9,808.8,583.2,482.4,675.9,939.7,818.9,955.7,967.5,683.9,814.9,1078.8,871.3,980.3,327.0,761.4,766.0,938.2,301.5,982.3,766.2,268.7,1015.9,222.8,678.5,743.4,217.6,1128.4,750.7,407.7,996.2,904.2,796.5,927.8,166.8,1006.1,848.3,775.6,966.0,925.0,756.5,916.9,865.5,0.0,0.0,0.0,0.0,0.0,0.0,0.0,0.0,0.0,0.0,0.0
1130.5,937.6,837.1,534.6,1115.9,326.2,1149.7,1102.0,1090.5,692.7,1107.1,927.0,406.8,1209.8,1254.9,1013.6,814.6,1232.3,880.9,918.5,1439.2,620.6,1005.4,940.3,1375.5,783.1,774.1,1489.2,673.0,976.9,1395.3,1435.3,852.4,912.5,991.4,794.2,418.2,1329.7,709.7,607.3,1180.6,829.3,813.3,817.4,717.3,675.7,524.0,1105.5,558.1,773.2,400.2,575.2,1092.4,761.5,1167.7,897.6,1255.3,833.7,491.9,965.3,831.2,720.7,1043.4,1131.5,595.8,1030.9,653.0,722.9,953.8,1291.2,909.9,1000.4,1090.1,824.8,971.8,735.6,908.4,1198.2,909.6,1461.5,1206.7,1011.5,799.5,366.6,1466.4,520.0,595.9,822.2,831.0,742.9,807.1,729.6,832.6,847.5,904.3,801.7,853.1,94.1,904.5,826.1,593.8,787.9,736.5,881.7,976.3,240.2,686.5,678.2,696.6,803.0,934.8,39.6,929.7,590.2,139.6,831.1,604.2,718.4,894.8,738.5,653.0,904.2,0.0,0.0,0.0,0.0,0.0,0.0,0.0,0.0,0.0,0.0
1403.3,1220.8,1120.3,831.7,1388.7,858.7,1422.5,1360.2,1363.3,1012.5,1426.9,1199.8,925.9,1482.6,1527.7,1333.4,1087.4,1505.1,1090.8,1191.3,1700.3,938.6,1325.2,1213.1,1641.4,1102.9,1046.9,1750.3,992.8,1249.7,1668.1,1708.1,1135.6,1116.2,1311.2,1104.0,937.3,1602.5,1029.5,927.1,1407.7,1149.1,1133.1,1100.6,1037.1,993.7,821.1,1378.3,877.9,1046.0,819.5,1041.5,1365.2,1058.6,1440.5,1217.4,1528.1,1121.1,1030.3,1285.1,1114.4,1038.7,1363.2,1404.3,915.6,1303.7,971.0,1040.9,1230.2,1552.3,1229.7,1273.2,1362.9,1144.6,1244.6,1053.6,1181.2,1471.0,1229.4,1734.3,1479.5,1284.3,1072.3,776.0,1739.2,323.5,214.1,689.3,531.1,413.2,558.3,403.1,957.7,652.6,771.4,510.6,978.2,646.3,771.6,942.0,151.4,976.2,529.0,748.8,1220.5,742.7,437.7,733.2,501.9,511.9,801.9,591.8,1054.8,260.5,683.3,531.2,409.5,391.9,761.9,447.4,443.2,1113.9,580.1,0.0,0.0,0.0,0.0,0.0,0.0,0.0,0.0,0.0
905.7,653.5,553.0,459.6,889.1,769.3,859.8,796.1,822.3,1036.4,969.1,702.2,849.9,979.8,1024.9,922.6,554.0,1007.5,526.7,656.0,1136.2,763.5,933.8,677.8,1077.3,994.4,511.6,1186.2,1008.1,714.4,1143.4,1183.4,568.3,552.1,914.9,615.5,861.3,1102.9,795.6,650.0,843.6,849.8,798.7,533.3,800.1,704.5,449.0,872.1,901.8,510.7,843.3,883.6,867.6,686.5,905.2,753.8,1028.5,631.2,935.0,865.0,547.1,706.6,926.0,904.7,921.6,799.1,771.0,708.8,666.1,988.2,773.6,775.6,863.3,971.6,747.0,740.8,683.6,968.2,915.1,1202.3,976.7,786.7,580.9,799.9,1212.4,540.3,552.1,400.3,458.9,663.4,455.9,564.9,393.6,425.6,482.4,522.8,414.1,695.3,482.6,377.9,600.5,412.1,314.6,459.8,656.4,841.4,335.3,169.1,580.8,488.8,512.9,640.8,490.7,590.7,708.5,439.8,550.6,509.6,472.9,501.5,450.1,549.8,629.1,670.8,0.0,0.0,0.0,0.0,0.0,0.0,0.0,0.0
1327.7,1134.8,1034.3,718.8,1313.1,763.2,1346.9,1299.2,1287.7,917.0,1331.4,1124.2,830.4,1407.0,1452.1,1237.9,1011.8,1429.5,1047.2,1115.7,1636.4,825.7,1229.7,1137.5,1572.7,1007.4,971.3,1686.4,897.3,1174.1,1592.5,1632.5,1049.6,1072.6,1215.7,991.1,841.8,1526.9,934.0,823.3,1364.1,1053.6,1037.6,1014.6,941.6,880.8,708.2,1302.7,782.4,970.4,724.0,946.0,1289.6,945.7,1364.9,1121.9,1452.5,1017.9,934.8,1189.6,1028.4,925.8,1267.7,1328.7,820.1,1228.1,858.1,928.0,1151.0,1488.4,1134.2,1197.6,1287.3,1049.1,1169.0,940.7,1105.6,1395.4,1133.9,1658.7,1403.9,1208.7,996.7,680.5,1663.6,221.7,297.6,681.6,523.4,476.2,499.5,452.8,914.1,644.9,763.7,494.1,934.6,550.8,763.9,898.4,223.6,932.6,521.3,741.1,1173.5,647.2,378.9,689.6,389.0,495.4,794.2,496.3,1011.2,409.5,587.8,523.5,296.6,439.0,754.2,430.9,345.4,1070.3,484.6,277.4,683.6,0.0,0.0,0.0,0.0,0.0,0.0,0.0
1469.0,1286.4,1185.9,870.4,1454.4,862.9,1488.2,1425.9,1429.0,1016.7,1431.1,1265.5,930.1,1548.3,1593.4,1337.6,1153.1,1570.8,1156.5,1257.0,1766.0,944.6,1329.4,1278.8,1707.1,1107.1,1112.6,1816.0,997.0,1315.4,1733.8,1773.8,1201.2,1181.9,1315.4,1118.2,941.5,1668.2,1033.7,931.3,1473.4,1153.3,1137.3,1166.2,1041.3,999.7,859.8,1444.0,882.1,1111.7,823.7,1045.7,1430.9,1088.3,1506.2,1221.6,1593.8,1160.5,1034.5,1289.3,1180.0,1044.7,1367.4,1470.0,919.8,1369.4,977.0,1046.9,1295.9,1618.0,1233.9,1338.9,1428.6,1148.8,1310.3,1059.6,1246.9,1536.7,1233.6,1800.0,1545.2,1350.0,1138.0,780.2,1804.9,362.2,279.8,755.0,596.8,478.9,624.0,468.8,1023.4,718.3,837.1,576.3,1043.9,650.5,837.3,1007.7,197.6,1041.9,594.7,814.5,1286.2,746.9,503.4,798.9,540.6,577.6,867.6,596.0,1120.5,326.2,687.5,596.9,448.2,457.6,827.6,513.1,497.0,1179.6,584.3,108.7,792.9,307.1,0.0,0.0,0.0,0.0,0.0,0.0
1365.3,1172.4,1071.9,756.4,1350.7,792.5,1384.5,1336.8,1325.3,946.3,1360.7,1161.8,859.7,1444.6,1489.7,1267.2,1049.4,1467.1,1084.8,1153.3,1674.0,863.3,1259.0,1175.1,1610.3,1036.7,1008.9,1724.0,926.6,1211.7,1630.1,1670.1,1087.2,1110.2,1245.0,1028.7,871.1,1564.5,963.3,860.9,1401.7,1082.9,1066.9,1052.2,970.9,918.4,745.8,1340.3,811.7,1008.0,753.3,975.3,1327.2,983.3,1402.5,1151.2,1490.1,1055.5,964.1,1218.9,1066.0,963.4,1297.0,1366.3,849.4,1265.7,895.7,965.6,1188.6,1526.0,1163.5,1235.2,1324.9,1078.4,1206.6,978.3,1143.2,1433.0,1163.2,1696.3,1441.5,1246.3,1034.3,709.8,1701.2,259.3,335.2,719.2,561.0,513.8,537.1,490.4,951.7,682.5,801.3,531.7,972.2,580.1,801.5,936.0,261.2,970.2,558.9,778.7,1211.1,676.5,416.5,727.2,426.6,533.0,831.8,525.6,1048.8,447.1,617.1,561.1,334.2,476.6,791.8,468.5,383.0,1107.9,513.9,315.0,721.2,138.5,342.6,0.0,0.0,0.0,0.0,0.0
1356.8,1163.9,1063.4,747.9,1342.2,743.1,1376.0,1328.3,1316.8,896.9,1311.3,1153.3,810.3,1436.1,1481.2,1217.8,1040.9,1458.6,1076.3,1144.8,1665.5,824.8,1209.6,1166.6,1601.8,987.3,1000.4,1715.5,877.2,1203.2,1621.6,1661.6,1078.7,1101.7,1195.6,998.4,821.7,1556.0,913.9,811.5,1393.2,1033.5,1017.5,1043.7,921.5,879.9,737.3,1331.8,762.3,999.5,703.9,925.9,1318.7,968.5,1394.0,1101.8,1481.6,1040.7,914.7,1169.5,1057.5,924.9,1247.6,1357.8,800.0,1257.2,857.2,927.1,1180.1,1517.5,1114.1,1226.7,1316.4,1029.0,1198.1,939.8,1134.7,1424.5,1113.8,1687.8,1433.0,1237.8,1025.8,660.4,1692.7,250.8,326.7,710.7,552.5,505.3,528.6,481.9,943.2,674.0,792.8,523.2,963.7,530.7,793.0,927.5,252.7,961.7,550.4,770.2,1202.6,627.1,408.0,718.7,418.1,524.5,823.3,476.2,1040.3,438.6,567.7,552.6,325.7,468.1,783.3,460.0,374.5,1099.4,464.5,295.6,712.7,137.8,293.2,155.2,0.0,0.0,0.0,0.0
1389.1,1196.2,1095.7,827.9,1374.5,563.6,1408.3,1360.6,1349.1,961.4,1375.8,1185.6,644.2,1468.4,1513.5,1282.3,1073.2,1490.9,1139.5,1177.1,1697.8,889.3,1274.1,1198.9,1634.1,1051.8,1032.7,1747.8,941.7,1235.5,1653.9,1693.9,1111.0,1171.1,1260.1,1062.9,655.6,1588.3,978.4,876.0,1439.2,1098.0,1082.0,1076.0,986.0,944.4,817.3,1364.1,826.8,1031.8,637.6,812.6,1351.0,1033.0,1426.3,1166.3,1513.9,1106.9,729.3,1234.0,1089.8,989.4,1312.1,1390.1,864.5,1289.5,921.7,991.6,1212.4,1549.8,1178.6,1259.0,1348.7,1093.5,1230.4,1004.3,1167.0,1456.8,1178.3,1720.1,1465.3,1270.1,1058.1,604.0,1725.0,456.6,493.9,916.5,758.3,673.1,734.4,659.8,1125.9,879.8,998.6,729.0,1146.4,393.0,998.8,1119.4,415.7,1081.2,756.2,976.0,1234.9,366.6,613.8,924.5,623.9,730.3,1029.1,332.9,1223.0,520.4,377.0,758.4,531.5,648.6,989.1,665.8,580.3,1162.8,347.6,444.2,918.5,343.6,441.8,386.4,340.7,0.0,0.0,0.0
1504.3,1321.8,1221.3,948.2,1489.7,796.0,1523.5,1461.2,1464.3,1024.1,1438.5,1300.8,876.6,1583.6,1628.7,1345.0,1179.7,1606.1,1191.8,1292.3,1801.3,952.0,1336.8,1314.1,1742.4,1114.5,1147.9,1851.3,1004.4,1350.7,1769.1,1809.1,1236.6,1217.2,1322.8,1125.6,888.0,1703.5,1041.1,938.7,1508.7,1160.7,1144.7,1201.6,1048.7,1007.1,956.0,1479.3,889.5,1147.0,831.1,1045.0,1466.2,1095.7,1541.5,1229.0,1629.1,1167.9,961.7,1296.7,1215.4,1052.1,1374.8,1505.3,927.2,1404.7,984.4,1054.3,1331.2,1653.3,1241.3,1374.2,1463.9,1156.2,1345.6,1067.0,1282.2,1572.0,1241.0,1835.3,1580.5,1385.3,1173.3,787.6,1840.2,454.3,381.2,790.3,632.1,517.4,659.3,504.1,1058.7,753.6,872.4,611.6,1079.2,625.4,872.6,1043.0,419.3,1077.2,630.0,849.8,1321.5,599.0,538.7,834.2,649.2,612.9,902.9,565.3,1155.8,364.7,609.4,632.2,594.2,492.9,862.9,548.4,544.2,1214.9,580.0,469.4,828.2,406.3,504.5,449.1,403.4,327.7,0.0,0.0
1020.2,917.1,1050.2,713.7,856.3,750.8,1085.7,1038.0,1026.5,505.1,361.9,816.7,806.7,1061.7,1050.0,309.8,745.1,991.5,1172.4,885.8,1188.0,481.6,260.2,836.8,1194.1,347.6,848.3,1238.3,425.7,923.3,1135.7,1175.7,1075.1,1135.2,275.6,806.6,818.1,1070.1,402.3,567.3,1116.6,369.0,412.5,1031.5,409.9,498.1,749.3,995.2,440.2,854.9,711.6,523.7,956.3,544.9,1074.9,519.5,995.7,617.1,871.5,220.1,989.5,508.4,313.2,871.9,418.0,920.6,440.7,510.6,1013.7,1200.4,570.0,890.1,830.5,300.4,861.5,550.4,798.1,1087.9,289.3,1201.9,1051.1,901.2,684.4,668.1,1206.8,1141.4,1217.3,1212.0,1270.6,1376.8,1267.6,1363.5,1245.9,1237.3,1294.1,1334.5,1266.4,899.8,1294.3,1239.4,1227.7,1169.8,1126.3,1271.5,1199.0,1045.9,1147.0,1096.7,1318.0,1300.5,1324.6,845.3,1303.1,1224.1,876.0,1251.5,1225.6,1321.3,1284.6,1313.2,1261.8,1195.7,833.6,1256.2,1090.7,1155.6,1253.8,1198.4,1152.7,1097.0,1190.8,0.0
